has_auth_number,provider_active,member_active,provider_historical_denial_rate,claim_amount,num_service_lines,days_from_membership_start,outcome_problem
1,1,1,0.1410237131485087,222.14505240700518,3,610,0
1,1,1,0.23564858214539242,135.40490349932665,1,500,0
1,1,1,0.419905690979168,250.87925516699903,3,711,0
1,1,1,0.05810633967327533,546.2280008638385,5,601,0
0,1,1,0.2828521239790615,314.3107242430827,4,139,1
1,1,1,0.14213974082226472,416.0432022782726,3,302,0
1,1,1,0.21082490652703922,754.9010761159232,2,376,0
1,1,1,0.419905690979168,1068.6797706883706,2,360,0
1,1,0,0.2798243783472397,305.18380128652535,1,489,0
1,1,1,0.21082490652703922,157.622066893431,1,543,0
1,0,0,0.2510628995968812,432.0256800468578,4,29,1
1,1,1,0.2916477929418046,616.208036120623,5,428,0
1,1,0,0.3173771501855524,108.3478868318627,5,-27,0
1,0,1,0.2750254085529053,180.99194593754845,4,379,1
1,1,1,0.1036578444265268,211.1844228429019,5,303,0
1,1,1,0.13728543870125234,334.60811133732,3,116,0
0,1,1,0.23107398565158901,203.3786447560361,2,792,0
0,1,0,0.36643236650295463,762.2973118246699,2,161,1
1,1,1,0.130383422505818,95.1429139624118,2,-12,0
1,1,0,0.2677657562695904,97.3442020754697,4,248,1
1,1,1,0.1410237131485087,298.7180254214043,1,591,0
1,1,0,0.24614417619698423,344.43743959623345,5,-53,0
1,1,1,0.2916477929418046,108.94253206434465,4,363,0
0,1,1,0.11826527161057414,233.67378034786407,2,298,1
1,1,1,0.21082490652703922,281.19842651783256,4,684,0
1,1,1,0.23107398565158901,283.16558928643127,1,-58,0
1,0,1,0.2677657562695904,462.5216353346708,3,-46,1
1,1,1,0.03696830256968456,222.42256176559434,1,425,0
1,1,1,0.2625171002989132,1525.4621159756869,1,94,0
1,1,1,0.5692182601492508,626.0211620749192,1,545,1
1,1,1,0.05810633967327533,195.1166981126933,4,179,0
1,1,1,0.03696830256968456,439.2463177666995,4,423,1
1,1,1,0.2798243783472397,451.06605254279543,5,-28,0
1,1,1,0.03696830256968456,1203.813034737919,5,536,0
1,1,1,0.37008993339073415,235.01652104102084,5,385,0
1,1,1,0.2750254085529053,804.8088758686721,5,-60,0
1,1,1,0.2828521239790615,418.9154159088978,1,168,0
1,1,1,0.419905690979168,1544.429498960806,4,-9,1
1,1,1,0.21478291236143027,1289.232433372119,4,-22,1
0,1,1,0.19943866470802457,481.6806651895318,1,540,1
0,1,0,0.183269198067007,318.60294502762895,1,307,1
1,0,0,0.0830364113260189,636.475113791012,5,630,1
1,1,1,0.13620156896909216,342.95353639524643,5,161,0
1,1,0,0.23564858214539242,1830.375462179045,2,557,0
1,1,0,0.03696830256968456,432.95035608658486,1,469,1
1,1,1,0.2625171002989132,280.03697015986165,2,510,0
1,1,1,0.5692182601492508,266.75921166383966,1,652,0
1,1,1,0.5692182601492508,135.40468666004955,4,548,0
1,1,1,0.20019100806330278,665.7426705256053,2,581,0
1,1,1,0.13728543870125234,192.86489495348846,1,576,0
1,1,1,0.21478291236143027,1083.9135489943058,5,324,0
1,1,1,0.36643236650295463,126.00964496946507,5,562,0
1,0,0,0.36643236650295463,452.3776338217819,5,664,1
1,1,1,0.46015210405281526,1135.92364447068,5,574,0
0,1,1,0.24614417619698423,58.147195078777436,1,462,1
0,1,1,0.37008993339073415,2481.0545967949324,4,3,1
1,1,1,0.34580639956730186,275.12989250198086,4,315,0
1,1,1,0.05810633967327533,458.0534333196374,4,-6,0
1,1,1,0.03696830256968456,674.7243944430401,2,29,0
1,1,1,0.2677657562695904,775.506334222551,2,250,0
1,1,1,0.5692182601492508,516.200648940825,5,339,0
1,1,1,0.130383422505818,989.9417720974596,1,393,1
1,1,0,0.23564858214539242,643.6554977753946,4,714,1
1,1,1,0.08902327951143335,1968.0392588759844,4,595,0
0,1,1,0.22018251677280468,645.5449143438286,4,303,1
1,1,1,0.46365026623247513,2364.145601751532,3,227,0
1,1,1,0.24614417619698423,907.7517664100951,4,552,0
1,1,1,0.130383422505818,79.4259298063557,5,176,0
1,1,1,0.2916477929418046,4230.148638503392,4,699,0
1,1,1,0.419905690979168,240.58905266753985,1,612,0
0,1,1,0.23107398565158901,1549.9680761695743,2,526,1
1,1,1,0.5048241459567955,413.2753586684764,2,154,0
1,1,1,0.419905690979168,1048.3588620032194,2,474,1
1,1,1,0.21082490652703922,217.1023671272674,2,645,0
0,1,1,0.2767647537778325,708.5141911490715,2,1,1
1,1,1,0.2750254085529053,321.2207267643755,4,92,0
1,1,1,0.11826527161057414,1670.8751339026956,1,383,0
1,1,1,0.44640490282899387,598.7243752160217,4,249,0
0,1,1,0.36643236650295463,936.6862464939617,4,550,1
1,1,1,0.21478291236143027,57.53139597082489,5,284,0
1,1,1,0.2677657562695904,373.52486980903774,1,797,0
1,1,1,0.46015210405281526,583.7638131882906,2,197,0
1,1,1,0.2916477929418046,493.3670477534416,5,249,0
1,1,1,0.44640490282899387,958.1855963472066,3,-58,0
1,1,1,0.21478291236143027,290.23361840350645,3,152,0
0,1,1,0.3442859159134522,421.5373537581883,1,142,1
0,1,0,0.21082490652703922,1168.0653217421825,4,595,0
0,1,1,0.37008993339073415,51.892791939735865,2,230,0
1,1,1,0.2916477929418046,685.6830203474309,5,114,0
0,0,1,0.2750254085529053,298.719096914762,2,209,1
1,1,1,0.36643236650295463,177.48989680760764,1,423,0
1,1,1,0.3442859159134522,546.1478910779766,3,615,0
1,1,1,0.19943866470802457,1217.6842365065088,3,781,0
1,1,1,0.08902327951143335,1027.855064603648,3,-20,0
1,0,1,0.13620156896909216,357.2365874341685,5,663,0
0,1,1,0.130383422505818,887.2855580177351,2,274,0
1,1,1,0.46365026623247513,881.1792864681616,2,635,0
1,1,1,0.14213974082226472,372.92072239434566,4,-28,1
1,1,1,0.24614417619698423,216.20510194898785,1,478,0
1,1,1,0.22018251677280468,227.75930055469678,5,740,0
1,1,0,0.2625171002989132,857.5401619025859,2,-27,1
1,1,1,0.5692182601492508,388.4124799746604,2,619,1
1,1,1,0.05810633967327533,157.34423774899992,1,38,1
1,1,1,0.44640490282899387,88.55496636090119,2,784,0
1,1,1,0.11826527161057414,852.9051170415046,3,580,0
1,1,1,0.37008993339073415,246.63251123151824,4,722,0
1,1,1,0.36242851871884985,543.13015106034,5,712,0
1,1,1,0.36643236650295463,1231.1896996238695,4,211,1
1,1,1,0.2625171002989132,124.2092906729677,2,297,0
0,1,1,0.20019100806330278,387.36846946669834,5,534,1
1,1,1,0.21082490652703922,345.9780273951821,1,90,0
1,1,1,0.419905690979168,567.7996275382518,2,203,0
0,1,1,0.44640490282899387,1230.5838352792925,2,25,1
1,1,1,0.2767647537778325,121.93564027470701,3,703,0
1,1,1,0.2750254085529053,673.7223981139799,2,153,0
1,1,1,0.0830364113260189,1020.8300986335303,5,293,0
1,0,1,0.419905690979168,341.12897870407295,2,329,1
1,1,1,0.21082490652703922,356.4869760600715,2,263,0
1,1,1,0.2750254085529053,587.9279651152247,4,609,0
1,1,1,0.2916477929418046,550.229448378062,3,726,0
1,1,1,0.21082490652703922,681.3780874847146,3,432,0
1,1,1,0.1036578444265268,668.5776021247988,5,659,0
1,1,1,0.2767647537778325,166.7048569067871,3,35,0
1,1,1,0.21478291236143027,983.6202009833355,1,771,1
1,1,1,0.08902327951143335,1152.9796217146713,4,39,0
1,1,1,0.36242851871884985,476.9800205259448,4,-3,0
1,1,1,0.44640490282899387,105.13657551076004,2,-41,0
1,1,1,0.2510628995968812,363.84533176415977,5,149,0
1,1,1,0.05810633967327533,480.56634281134353,2,659,0
1,1,1,0.37008993339073415,144.00669419947792,1,198,1
1,1,1,0.22018251677280468,291.74371916099955,1,620,0
0,1,1,0.44640490282899387,113.47329821170747,4,304,0
1,1,1,0.5692182601492508,696.8449986713388,2,29,0
1,1,1,0.13620156896909216,468.4174021740502,3,346,0
1,0,1,0.21478291236143027,91.72501664128616,4,139,0
1,1,1,0.21082490652703922,553.5313418700941,5,190,0
1,1,1,0.2677657562695904,383.4241997207359,3,384,0
1,1,1,0.08902327951143335,642.1184925401494,5,619,0
1,1,1,0.130383422505818,283.61588628819436,2,444,0
1,1,0,0.36643236650295463,196.1085905700509,5,131,0
1,0,1,0.5692182601492508,201.5907870886539,2,557,1
1,1,1,0.14213974082226472,248.55068912217357,1,539,0
1,0,1,0.11826527161057414,410.32215165886197,4,143,1
0,1,1,0.2828521239790615,460.8914822576392,4,672,1
1,1,1,0.2510628995968812,339.79826727412853,5,665,0
1,1,1,0.5048241459567955,275.6170510074962,5,459,0
1,1,1,0.05810633967327533,294.0462473252364,1,194,0
1,1,1,0.21478291236143027,3854.329369135762,4,244,0
0,1,1,0.0830364113260189,201.61246480013628,4,317,1
0,1,1,0.37008993339073415,244.16035261913822,4,101,0
1,1,1,0.2916477929418046,7820.225719674832,1,203,0
1,1,0,0.05810633967327533,589.28619897402,1,55,0
0,1,1,0.13728543870125234,116.51469480151815,4,72,1
1,1,1,0.5048241459567955,861.2789912409378,5,579,0
1,1,1,0.2828521239790615,177.85435761394635,1,50,0
1,0,1,0.46015210405281526,914.2969022235491,1,343,1
1,1,1,0.183269198067007,333.66381647123836,3,309,0
0,1,1,0.1410237131485087,271.56017000369735,2,-21,0
1,1,0,0.19943866470802457,1716.8533934276775,5,654,1
1,1,1,0.3173771501855524,671.6660162791493,5,786,0
1,1,1,0.36643236650295463,968.443839143609,3,489,1
1,1,1,0.46365026623247513,596.7078985939943,5,517,0
1,1,1,0.19943866470802457,270.42638811397893,2,140,0
1,1,1,0.3173771501855524,699.3973098351904,5,665,0
1,1,1,0.2916477929418046,1197.8623274504407,3,614,0
1,1,1,0.13620156896909216,455.44011591995707,3,316,1
1,1,1,0.37008993339073415,2041.5780544723916,1,546,0
1,0,1,0.23564858214539242,867.3464409877563,1,761,0
1,1,1,0.36643236650295463,488.2288714568105,1,458,0
1,1,1,0.11826527161057414,505.89942156345046,3,111,0
1,1,1,0.37008993339073415,456.4656341639749,1,224,0
1,1,1,0.0830364113260189,130.8282105772881,1,99,0
1,1,1,0.21082490652703922,372.0153153689294,4,225,0
1,1,1,0.46365026623247513,492.289932589057,5,705,1
1,1,1,0.13728543870125234,277.4174442869522,1,103,0
0,1,1,0.2828521239790615,546.7049809699104,3,706,1
1,1,0,0.1410237131485087,411.239899511496,5,185,1
1,1,1,0.46015210405281526,809.4238530029107,3,369,0
1,1,1,0.13728543870125234,732.7474818123438,1,394,0
1,1,1,0.46015210405281526,468.922710657445,1,48,0
1,1,0,0.23107398565158901,117.86128685182184,5,98,0
1,1,1,0.5692182601492508,2021.611945142193,3,202,0
1,1,1,0.05810633967327533,355.06401646403606,1,-9,0
1,1,1,0.14213974082226472,375.10357644046104,5,588,0
0,1,1,0.21082490652703922,296.4063260581984,5,409,1
1,0,1,0.37008993339073415,259.9344566794138,4,667,1
1,1,1,0.03696830256968456,1619.1429470477422,1,682,0
1,0,1,0.34580639956730186,1404.5045531199376,1,238,1
1,1,1,0.2767647537778325,601.8173916839188,2,642,0
1,1,1,0.08902327951143335,366.2257186793684,1,-8,0
0,1,1,0.23564858214539242,704.3012570083033,3,309,1
1,1,1,0.44640490282899387,431.13328299768,2,512,0
1,1,1,0.130383422505818,339.95028064133146,4,340,0
1,1,1,0.14213974082226472,546.9160566744272,1,575,0
1,1,1,0.419905690979168,271.22752051664446,4,678,0
1,1,1,0.419905690979168,506.2536547242519,5,304,0
1,1,0,0.1036578444265268,484.8302516417728,1,176,1
1,1,1,0.44640490282899387,694.1183083690321,4,441,0
0,1,1,0.1036578444265268,231.08295030012545,3,686,1
1,1,1,0.1036578444265268,764.424082971652,1,789,1
1,1,1,0.08902327951143335,178.4519997947799,2,641,0
1,1,1,0.2677657562695904,240.97423366959745,4,150,0
0,1,1,0.2677657562695904,250.62741821910808,5,116,1
1,1,1,0.2916477929418046,153.72317268549904,2,432,0
1,1,1,0.08902327951143335,1006.3609213419008,1,285,0
0,1,1,0.2677657562695904,168.654589015698,2,465,1
1,0,1,0.2828521239790615,215.07252489384442,5,734,0
1,1,0,0.37008993339073415,1248.710801697405,3,412,1
1,1,1,0.1410237131485087,241.40489073346578,3,245,0
1,1,1,0.21478291236143027,340.5873350745839,1,687,0
0,1,1,0.22018251677280468,162.2557670501168,4,317,1
1,0,1,0.34580639956730186,853.7650909973856,3,460,1
1,1,1,0.130383422505818,864.4233349133115,3,56,0
1,1,1,0.2677657562695904,784.5037197453909,5,376,0
1,1,1,0.05810633967327533,654.4379956232904,3,306,1
1,1,1,0.34580639956730186,431.05263254314923,5,45,0
0,1,1,0.11826527161057414,251.6554776077555,3,121,0
1,1,1,0.08902327951143335,193.7420478430766,2,544,0
1,1,1,0.2750254085529053,1288.0889619106615,5,95,0
1,1,1,0.3442859159134522,802.9752122601503,4,53,1
0,1,1,0.14213974082226472,216.16158257967197,4,-11,1
1,1,1,0.20019100806330278,418.15350058802244,2,-38,0
1,1,1,0.05810633967327533,307.93736943739333,4,313,0
1,1,1,0.419905690979168,146.14662007298472,3,360,0
0,1,1,0.23107398565158901,473.37422022762036,1,476,1
1,1,1,0.2750254085529053,277.5654058537733,2,432,0
1,1,1,0.5692182601492508,171.18023381156993,5,401,0
0,1,1,0.03696830256968456,106.56772529184165,3,799,1
0,0,1,0.5048241459567955,98.74856280628285,4,154,1
1,1,1,0.46365026623247513,288.7948241889975,1,552,1
1,1,1,0.1410237131485087,373.6854970315685,2,8,0
1,1,1,0.24614417619698423,183.50267973599642,5,669,0
1,1,1,0.2767647537778325,724.6331196364453,3,251,0
1,1,1,0.130383422505818,380.31813977707117,5,237,0
1,1,0,0.03696830256968456,678.0335561340743,5,56,0
1,1,1,0.46015210405281526,342.1948421859013,2,377,0
0,1,1,0.46015210405281526,198.65986243324127,5,283,1
1,1,1,0.46015210405281526,447.0658119210765,4,777,0
1,1,1,0.2510628995968812,129.48861201743543,1,93,0
1,1,1,0.36242851871884985,655.5631705432066,1,298,1
1,1,1,0.36643236650295463,173.56735097845325,1,714,0
1,1,1,0.13620156896909216,921.8746629182376,4,634,0
0,1,1,0.2916477929418046,297.49274209902075,1,597,1
1,1,1,0.24614417619698423,1049.7214945461078,2,392,0
1,1,1,0.21478291236143027,146.88340815468786,3,690,0
1,1,1,0.23564858214539242,219.2049790245753,1,132,0
1,1,1,0.36643236650295463,568.4091262699977,2,636,0
1,1,1,0.2750254085529053,1156.8399480934906,4,439,0
1,1,1,0.03696830256968456,1807.9484303040813,5,240,0
0,1,1,0.37008993339073415,418.7313510379335,3,127,1
1,1,1,0.2625171002989132,2109.0039801703615,4,388,1
1,1,0,0.05810633967327533,310.8473342991528,3,-58,0
1,1,1,0.37008993339073415,1084.517926781058,3,554,0
1,1,1,0.34580639956730186,172.78310899775246,3,142,0
1,1,1,0.13620156896909216,588.8552842984665,5,274,0
1,1,1,0.1036578444265268,49.0321528352263,1,106,0
1,1,1,0.3442859159134522,147.01992025141124,3,340,0
1,1,1,0.2625171002989132,614.0087127989026,1,258,0
1,1,0,0.05810633967327533,123.81704506209981,5,101,1
1,1,1,0.05810633967327533,592.4429904381988,4,704,0
1,1,1,0.14213974082226472,912.1571681561115,1,593,0
0,1,1,0.1036578444265268,256.932094578873,4,273,1
0,1,1,0.46015210405281526,168.6696958247261,3,-11,1
1,1,1,0.23107398565158901,263.2836704372477,1,666,0
1,1,1,0.419905690979168,169.14712743578795,5,539,0
1,1,1,0.14213974082226472,368.3036735657739,2,417,0
1,1,1,0.08902327951143335,442.25275494276616,1,459,0
0,1,1,0.5048241459567955,306.3079257296401,4,-54,1
1,1,1,0.2510628995968812,1820.6034957318648,2,347,1
1,1,1,0.2510628995968812,211.14319704700176,4,102,0
1,1,1,0.3173771501855524,1411.3329075384781,1,500,0
1,1,1,0.5048241459567955,158.04577200686583,5,740,0
1,1,1,0.5692182601492508,430.7379122646837,3,396,0
1,0,1,0.44640490282899387,1170.0419334361493,3,459,1
1,1,1,0.05810633967327533,1116.798553767136,5,514,0
1,1,1,0.1410237131485087,276.3775572799069,3,739,0
0,1,1,0.419905690979168,664.8508621524395,1,-28,1
1,0,1,0.2750254085529053,589.3741288513978,3,206,0
0,1,1,0.21082490652703922,248.1552948908788,4,170,0
1,1,1,0.46365026623247513,702.2959830439094,2,556,1
1,1,1,0.05810633967327533,2156.502455735693,1,325,0
1,1,1,0.2828521239790615,616.7912268887038,1,603,0
1,1,1,0.5048241459567955,671.6388303213779,5,346,0
1,1,1,0.20019100806330278,738.7351598881248,1,779,0
1,1,1,0.3442859159134522,108.32338442639299,3,599,0
1,1,0,0.2510628995968812,610.4535502476059,5,-45,1
1,1,1,0.46015210405281526,161.56642891536893,2,790,1
1,0,1,0.13728543870125234,237.24699071207607,2,758,0
1,0,1,0.34580639956730186,2823.542561637701,4,-23,1
1,1,1,0.44640490282899387,321.2001828381621,4,276,0
0,1,1,0.11826527161057414,207.23290509189772,1,774,1
1,1,1,0.2767647537778325,1138.3377018944902,3,660,0
1,1,1,0.2677657562695904,171.93056396744836,1,342,0
1,0,1,0.13620156896909216,269.7033820817543,2,408,1
1,1,0,0.3173771501855524,1241.5885795159963,2,-35,1
1,1,1,0.46015210405281526,419.25981394982216,5,425,0
1,1,1,0.183269198067007,98.94485348089367,5,513,0
1,0,1,0.23564858214539242,658.2538537450811,4,249,0
1,1,1,0.2750254085529053,282.35939395186296,4,203,0
1,1,0,0.23564858214539242,1613.0246141677974,1,652,1
1,1,1,0.5692182601492508,233.79198035129411,1,325,0
1,1,1,0.183269198067007,1039.092875429801,4,167,0
1,1,1,0.11826527161057414,1994.4592284162857,3,262,0
1,1,1,0.20019100806330278,187.5698104601111,3,363,0
1,1,1,0.130383422505818,339.0366729481956,4,163,0
1,1,1,0.3442859159134522,572.3568993576888,2,421,0
1,1,0,0.46015210405281526,186.49208951240834,4,680,0
0,1,1,0.2916477929418046,514.5359631413734,4,578,1
1,1,1,0.5048241459567955,329.4984801195291,2,138,1
1,1,1,0.36643236650295463,323.5776724938006,4,345,0
1,1,1,0.0830364113260189,421.5947537308403,1,407,0
1,1,1,0.1036578444265268,430.15183199268483,2,525,1
1,1,1,0.46365026623247513,467.5436400947837,4,590,0
1,1,1,0.2767647537778325,235.34588641019454,5,357,0
1,1,1,0.19943866470802457,244.77647522545155,1,210,0
1,1,0,0.183269198067007,362.58943824562425,4,507,0
0,1,0,0.2828521239790615,387.5008812125751,3,48,0
1,1,1,0.1410237131485087,271.79159942538786,4,519,0
1,1,1,0.21082490652703922,539.9873308409326,4,710,0
1,1,1,0.05810633967327533,78.78435418453637,1,550,0
0,1,1,0.2767647537778325,209.05144436893687,4,312,1
1,1,1,0.0830364113260189,313.5832755123331,2,648,0
1,1,1,0.2798243783472397,186.69874559021034,1,397,0
1,1,1,0.14213974082226472,1748.0885508755346,3,405,0
1,1,1,0.36242851871884985,410.33572334161204,1,672,1
0,1,1,0.1410237131485087,472.9987332657791,4,106,0
1,0,1,0.19943866470802457,261.1493230867005,3,610,1
1,1,1,0.2510628995968812,397.7401774648579,3,524,0
1,1,1,0.34580639956730186,135.1346761299047,1,394,0
1,1,1,0.2916477929418046,346.25124996921795,4,6,0
1,1,1,0.130383422505818,173.5893433768196,1,598,0
1,1,1,0.5692182601492508,314.29648926218505,2,128,0
1,1,1,0.24614417619698423,40.28886348043601,2,710,0
1,1,0,0.2798243783472397,146.17391514274257,4,621,1
1,1,1,0.08902327951143335,1506.4840394590651,3,252,0
1,1,1,0.3442859159134522,851.8052954080576,5,314,0
1,1,1,0.2750254085529053,1322.3098892025585,5,-39,0
1,0,1,0.46365026623247513,1406.6259081647547,4,368,1
1,1,1,0.1036578444265268,739.2888286588562,1,-11,1
1,1,1,0.44640490282899387,268.38383691833087,4,789,0
1,1,1,0.21082490652703922,158.61409051669193,2,490,0
1,1,1,0.3173771501855524,1132.3723603410117,5,142,0
1,1,1,0.2510628995968812,427.5670751259829,5,631,0
1,1,1,0.2625171002989132,3807.090525297431,1,-44,0
1,1,1,0.3173771501855524,290.4443005996538,1,412,0
0,1,1,0.5692182601492508,2381.7868667160706,4,35,1
1,1,1,0.08902327951143335,350.3341412607292,1,-14,0
1,1,1,0.2625171002989132,1342.7079843277502,5,150,0
1,1,1,0.2750254085529053,1857.5664753883436,3,193,0
1,1,1,0.36643236650295463,160.66879378769616,3,564,0
1,1,1,0.22018251677280468,260.7342604727085,5,706,0
0,1,1,0.44640490282899387,159.22506378775978,2,607,0
1,1,1,0.21082490652703922,133.35969622294397,3,576,0
1,1,1,0.21082490652703922,735.3599928317979,5,426,0
1,1,1,0.2677657562695904,337.9961371190613,1,259,0
1,1,1,0.14213974082226472,422.8974399372132,1,159,0
1,1,1,0.13620156896909216,665.5509683645895,1,753,0
1,1,1,0.08902327951143335,75.81922205806619,2,388,1
1,1,1,0.11826527161057414,1284.4545128215805,1,425,0
1,1,1,0.5048241459567955,294.6579679476293,1,-48,0
1,1,1,0.23107398565158901,651.4242864503714,5,333,0
1,1,1,0.5048241459567955,705.3129149311196,3,526,0
1,1,1,0.36643236650295463,1385.362205555224,2,365,0
0,1,1,0.36643236650295463,367.0978196132649,3,468,1
1,1,1,0.2625171002989132,59.66384865797503,5,636,0
1,0,1,0.13728543870125234,424.7135119558184,3,-42,1
0,0,1,0.22018251677280468,483.2993202363227,3,717,1
1,1,1,0.08902327951143335,159.04150832114226,5,642,0
1,1,1,0.34580639956730186,460.6974740108342,1,301,0
0,1,1,0.2625171002989132,291.51265223618304,3,596,1
1,1,1,0.2750254085529053,120.484539964,4,-3,0
1,1,1,0.3173771501855524,738.2897815876555,3,205,1
1,1,1,0.2677657562695904,242.89939959660072,5,32,0
1,1,1,0.2677657562695904,279.8513884510299,5,486,0
1,1,0,0.44640490282899387,266.048610264649,2,676,0
1,1,1,0.36242851871884985,1226.5133370570481,5,457,0
1,1,1,0.21478291236143027,388.8429188193925,2,551,0
1,1,1,0.36242851871884985,433.19580810174153,2,63,0
1,1,1,0.2767647537778325,271.354873637063,5,743,0
1,1,1,0.2828521239790615,611.9068958831834,1,106,0
1,1,1,0.3442859159134522,1358.839415716965,2,392,0
1,1,1,0.2750254085529053,722.7582067582149,4,527,0
1,1,1,0.5692182601492508,748.5816368658855,3,676,0
1,1,1,0.19943866470802457,696.1792604542278,5,742,0
1,1,1,0.1036578444265268,116.48722624400072,2,454,0
0,1,1,0.5048241459567955,183.3676312250821,3,435,0
1,1,0,0.2750254085529053,335.4628921789041,1,298,0
1,1,1,0.2767647537778325,209.91913009340067,2,428,0
1,1,1,0.46015210405281526,154.7663681780546,1,520,0
1,1,1,0.08902327951143335,74.81675320391189,4,496,0
1,1,1,0.44640490282899387,120.07585981553174,2,449,0
1,1,1,0.36643236650295463,320.25802480168574,4,318,0
1,1,1,0.05810633967327533,378.992444627148,2,108,1
1,1,1,0.37008993339073415,197.6013468795282,3,-14,0
1,1,1,0.5048241459567955,433.1277379956666,5,301,0
1,1,1,0.37008993339073415,273.02127517227285,5,280,0
1,1,1,0.22018251677280468,1076.54942522179,1,462,0
1,1,1,0.2625171002989132,348.81329662901067,4,714,0
1,1,1,0.2767647537778325,754.984933379787,5,543,0
1,1,1,0.0830364113260189,484.39097783673884,4,632,0
1,1,1,0.5692182601492508,114.2211023932117,1,437,1
0,1,1,0.13620156896909216,371.8191729373289,4,737,1
0,1,1,0.1036578444265268,132.6797474472215,4,748,1
1,1,1,0.19943866470802457,366.02119648020766,4,71,1
1,1,1,0.2798243783472397,206.31048946951356,3,489,0
1,1,1,0.0830364113260189,568.9353061077348,3,375,0
1,1,0,0.5692182601492508,120.52788009845324,4,775,1
1,1,1,0.183269198067007,408.8022908652038,3,442,0
1,1,1,0.5692182601492508,675.3114719088613,4,-47,0
0,1,1,0.03696830256968456,913.0914248951873,4,120,1
1,1,1,0.14213974082226472,202.80582981055036,2,51,0
1,1,1,0.19943866470802457,409.9256800048657,4,112,0
1,1,1,0.2510628995968812,476.1496881125013,4,22,0
1,1,1,0.13728543870125234,1623.6202409364857,3,612,0
1,1,1,0.5048241459567955,106.35716862281542,4,364,0
1,1,1,0.23564858214539242,177.68418083291445,1,517,0
1,1,1,0.1410237131485087,5034.231910481902,2,799,0
1,1,1,0.419905690979168,315.51696251158006,4,496,0
1,1,1,0.419905690979168,73.56030684521457,5,352,0
1,1,1,0.2677657562695904,238.81874402060143,4,169,0
1,1,1,0.21082490652703922,33.38190880470163,4,588,0
1,1,1,0.44640490282899387,501.1115050096713,2,375,0
1,1,1,0.2625171002989132,836.1485462903269,4,590,0
1,1,1,0.36643236650295463,177.59467756582802,2,-41,0
1,1,1,0.36242851871884985,264.10545389840723,1,80,0
1,1,1,0.11826527161057414,926.3839113632182,2,51,0
0,1,1,0.5692182601492508,83.49661412542359,4,525,1
1,1,1,0.20019100806330278,122.80354814940327,5,385,1
1,1,0,0.44640490282899387,328.55239944622497,3,212,1
1,0,1,0.5692182601492508,204.9771780344393,5,206,0
1,1,1,0.130383422505818,309.6738950300128,4,461,0
1,1,1,0.36242851871884985,129.36329836828602,3,770,0
1,1,1,0.36643236650295463,489.2541738355676,5,796,0
1,1,1,0.36643236650295463,352.7255315001122,3,345,0
1,1,1,0.23564858214539242,661.342225438418,3,516,0
1,1,1,0.5048241459567955,483.1656475429721,4,11,0
0,1,0,0.3173771501855524,485.9088550419006,4,753,1
1,1,1,0.2767647537778325,109.76298737257203,3,-45,0
1,1,1,0.44640490282899387,628.4977175750216,3,234,1
1,1,1,0.20019100806330278,299.5316950127057,5,563,1
1,0,1,0.0830364113260189,347.255744076747,1,773,0
1,1,0,0.23107398565158901,1036.3269260783445,1,87,1
1,1,1,0.21478291236143027,211.13716621897186,3,508,0
1,1,1,0.22018251677280468,1361.1237109429262,1,101,0
1,1,1,0.05810633967327533,1480.3410352490905,2,-17,0
1,1,0,0.21082490652703922,794.3355615981824,3,304,1
1,1,1,0.13620156896909216,166.90775095614592,3,435,0
1,1,1,0.37008993339073415,56.392494811755306,2,167,0
1,1,1,0.13728543870125234,1065.2357581862475,2,776,0
1,1,1,0.46365026623247513,445.9677121861283,4,470,0
1,1,1,0.03696830256968456,206.29811363927575,5,316,0
0,1,1,0.2510628995968812,1160.0357578754936,4,357,1
1,1,1,0.37008993339073415,185.78628490448205,3,339,0
1,1,1,0.37008993339073415,275.4098268046737,1,35,0
0,1,0,0.2767647537778325,647.0356075794967,2,461,1
1,1,1,0.08902327951143335,148.08070830999895,3,614,0
1,1,1,0.24614417619698423,365.57343711746194,2,302,0
1,1,1,0.3442859159134522,1075.1586010307992,4,306,0
0,1,1,0.1410237131485087,487.8459448637665,2,722,1
1,1,0,0.21478291236143027,1239.7731559841734,5,465,1
1,1,1,0.2625171002989132,1119.0575336257975,2,196,0
1,1,1,0.2828521239790615,406.2482804836903,3,-57,0
1,1,1,0.22018251677280468,49.251152151243915,4,647,0
1,1,0,0.05810633967327533,149.1279905660555,2,478,0
1,1,1,0.11826527161057414,801.9134634791997,4,478,0
1,1,1,0.2916477929418046,99.9603614336714,3,183,0
1,1,1,0.21082490652703922,300.6589813873102,4,100,0
1,1,1,0.2828521239790615,547.1005204293133,3,365,1
1,1,0,0.419905690979168,1514.1562410338674,5,591,1
1,1,1,0.11826527161057414,240.44281196706763,4,196,0
1,1,1,0.21478291236143027,226.07370215205782,1,393,0
1,1,1,0.419905690979168,384.82889624120463,3,796,0
1,1,1,0.2750254085529053,553.2564696868595,5,128,0
1,1,0,0.1036578444265268,351.13748970997443,2,138,1
1,1,1,0.5692182601492508,1037.2637486160827,3,142,0
1,1,1,0.5048241459567955,196.52124652518955,4,725,0
0,0,1,0.1410237131485087,449.5040392833429,2,394,1
1,1,1,0.37008993339073415,602.261321037693,3,729,1
1,1,1,0.20019100806330278,281.40375007519697,3,755,0
1,1,1,0.23107398565158901,858.9742483560422,1,302,0
1,1,1,0.24614417619698423,461.3065027863502,1,-13,0
1,1,1,0.03696830256968456,820.5387542025111,3,201,0
1,1,1,0.3442859159134522,480.4358425581497,1,407,1
1,1,1,0.2916477929418046,566.0962486352335,5,267,1
1,1,1,0.5048241459567955,228.3426653341624,3,-59,1
1,1,1,0.05810633967327533,228.6758423911942,4,790,0
1,1,1,0.24614417619698423,1214.341012310348,2,200,0
1,1,1,0.37008993339073415,714.7689903491611,2,472,0
0,1,1,0.0830364113260189,160.6665903528054,3,754,0
1,1,1,0.23107398565158901,474.7446507830645,4,408,0
1,1,1,0.21478291236143027,47.63660850197599,2,537,0
1,1,1,0.0830364113260189,240.67653479093184,2,-30,0
1,1,1,0.44640490282899387,958.0738943353334,1,539,0
1,1,1,0.0830364113260189,360.45566606959517,3,669,0
0,1,1,0.3173771501855524,448.59541560656044,4,729,1
1,1,1,0.2625171002989132,26.71584615017011,3,12,0
1,1,0,0.3442859159134522,283.4318606044723,2,136,0
1,1,1,0.03696830256968456,546.9979208692642,2,-20,0
1,1,1,0.46365026623247513,613.2427665871431,2,729,1
1,1,1,0.24614417619698423,959.2196988011997,2,176,1
1,1,1,0.46015210405281526,333.8754513905542,2,397,0
1,1,1,0.46015210405281526,347.5504271711074,5,349,0
1,1,1,0.2828521239790615,121.64346079505002,2,532,0
0,1,1,0.44640490282899387,335.6035708536966,2,709,1
1,1,1,0.46365026623247513,129.61680501557038,4,218,0
1,1,1,0.5048241459567955,76.47140592297328,5,619,0
1,1,1,0.14213974082226472,151.91764531847687,3,190,0
1,1,1,0.130383422505818,1568.4080719566775,4,109,0
0,1,1,0.21478291236143027,316.2379443358774,1,31,1
1,1,1,0.1036578444265268,491.71025318435244,3,259,0
1,1,1,0.2916477929418046,254.13188738227976,1,422,0
1,1,1,0.0830364113260189,80.51987774832422,1,611,0
1,1,1,0.1036578444265268,936.8299782231966,3,669,0
1,1,1,0.24614417619698423,57.112423882828345,2,393,0
1,1,1,0.21478291236143027,244.85999320311217,1,291,0
1,1,1,0.21478291236143027,384.0783649796291,1,90,1
1,1,1,0.2677657562695904,496.4291026785605,4,726,0
1,1,1,0.34580639956730186,209.80475411385376,3,280,0
1,1,1,0.14213974082226472,77.15641038525476,2,597,0
0,1,1,0.3173771501855524,196.17674966998277,5,478,0
1,1,0,0.23107398565158901,205.63809659571513,2,741,0
1,1,0,0.14213974082226472,201.183183629129,5,776,0
1,1,1,0.21082490652703922,965.8926804390724,2,547,0
1,1,1,0.46015210405281526,135.3355837750131,1,509,0
1,1,1,0.2916477929418046,528.9433551399246,1,58,0
1,0,1,0.05810633967327533,465.1999594585729,2,-47,1
1,1,1,0.46015210405281526,957.5802884672335,1,409,0
1,1,1,0.34580639956730186,357.8741239296867,1,546,0
1,1,1,0.0830364113260189,822.2281164434638,2,581,0
1,1,1,0.14213974082226472,345.50318984609646,5,155,0
1,1,1,0.21082490652703922,596.4248650520349,2,372,1
1,1,1,0.36643236650295463,104.30851743055965,2,681,0
1,0,1,0.37008993339073415,37.54535734698176,5,22,1
1,0,1,0.19943866470802457,566.6785253294881,2,270,1
1,1,0,0.05810633967327533,594.7046010468231,5,752,1
1,1,1,0.3442859159134522,618.9051932682424,4,111,1
1,1,1,0.14213974082226472,251.52961515953675,5,212,0
1,1,0,0.05810633967327533,1541.8681227990849,3,342,0
1,1,1,0.11826527161057414,266.6961421187143,3,532,0
1,1,1,0.24614417619698423,589.2149853828961,2,159,0
1,1,1,0.2828521239790615,688.9526890210245,3,621,0
0,1,1,0.2798243783472397,1894.7954008041588,4,142,1
1,1,1,0.37008993339073415,303.2851166743004,5,256,1
1,1,0,0.37008993339073415,224.10762033337875,1,433,1
1,1,1,0.3442859159134522,104.75969979878057,1,-50,0
1,1,1,0.2750254085529053,1631.2963851312454,1,599,1
1,1,1,0.1410237131485087,589.4971093149978,4,515,0
1,1,1,0.5692182601492508,606.5304876536991,1,658,0
1,1,1,0.1410237131485087,6667.723772625019,5,176,0
1,1,1,0.2510628995968812,540.5246635714285,2,281,0
1,1,1,0.2625171002989132,124.94963491275304,2,712,0
1,1,1,0.46365026623247513,338.21668924312144,5,-3,0
1,1,1,0.11826527161057414,167.78708627386078,4,362,0
1,1,1,0.2677657562695904,282.5112703614552,3,356,0
1,1,1,0.14213974082226472,280.80749335165166,5,324,0
0,1,1,0.5692182601492508,237.85899688478395,4,313,1
1,1,0,0.34580639956730186,115.12813726860891,4,582,1
1,1,0,0.130383422505818,1691.2978475262605,2,109,1
1,1,1,0.21478291236143027,527.9297575929775,5,706,0
1,1,1,0.13728543870125234,329.3349008616461,4,710,0
0,1,1,0.2625171002989132,797.8128503421765,5,94,1
1,1,1,0.22018251677280468,616.4397245113456,5,777,0
1,1,1,0.2750254085529053,517.0407334285863,3,165,0
0,1,1,0.23107398565158901,747.3235810901723,2,-16,1
1,1,1,0.5692182601492508,455.1109654754271,5,282,1
1,1,1,0.3173771501855524,737.4507536646397,5,624,0
0,1,1,0.2750254085529053,794.5699864664359,1,666,1
1,1,1,0.34580639956730186,467.05492423249956,4,495,0
1,1,1,0.34580639956730186,330.8433352247069,4,637,0
1,1,1,0.3173771501855524,1599.3587094801112,4,164,0
1,1,1,0.21478291236143027,262.4048694371365,5,695,0
1,1,1,0.24614417619698423,573.7433898699826,2,486,0
1,1,1,0.2798243783472397,585.5300876433802,5,54,0
1,1,1,0.03696830256968456,233.0837737560748,4,50,0
1,1,1,0.2828521239790615,194.9922576116104,1,169,0
1,1,1,0.22018251677280468,293.39891897211277,3,-1,0
1,1,1,0.13620156896909216,259.04578759141265,1,183,0
0,1,1,0.2677657562695904,108.60120405760985,5,794,1
1,1,1,0.23564858214539242,224.45032781052174,4,146,0
1,1,1,0.2625171002989132,512.6537603297397,5,487,1
1,1,0,0.19943866470802457,1260.6077510179803,4,780,1
1,1,1,0.130383422505818,664.4450637387233,2,157,0
1,1,1,0.20019100806330278,38.877627298883894,3,538,0
1,1,1,0.23107398565158901,718.5054877533246,5,327,0
1,1,1,0.08902327951143335,244.12085076396906,1,185,0
1,1,0,0.2828521239790615,606.5408423784793,5,757,0
1,1,1,0.1410237131485087,398.3289879438538,3,504,0
1,1,1,0.5048241459567955,339.1970261123498,3,317,0
1,1,1,0.13728543870125234,367.9650073165842,4,638,0
1,1,1,0.2510628995968812,395.36845301245256,1,714,0
1,1,1,0.46365026623247513,1352.8442065694496,1,612,1
0,1,1,0.36242851871884985,396.3532391202961,1,687,1
1,1,1,0.11826527161057414,1071.6797109221184,4,216,0
1,1,1,0.44640490282899387,940.0332803463444,1,235,0
1,1,0,0.46015210405281526,735.3458941692695,4,140,0
1,1,1,0.36643236650295463,80.80534076208478,1,538,0
1,1,1,0.1410237131485087,1102.0963199266694,4,630,0
1,1,1,0.419905690979168,267.17098194985755,5,508,0
0,1,1,0.13620156896909216,768.2802327355905,3,455,1
0,1,1,0.08902327951143335,168.12713515524797,2,603,1
0,1,1,0.1410237131485087,138.85543570542697,3,96,0
1,1,1,0.3442859159134522,2389.2860182195145,4,254,0
0,1,1,0.13728543870125234,170.4965803366165,4,548,0
0,1,1,0.2510628995968812,1131.722372996129,4,-16,1
1,1,1,0.11826527161057414,448.8004196660669,3,723,0
1,1,1,0.36643236650295463,276.41184553677823,4,87,0
1,1,1,0.2677657562695904,387.4760359234306,2,616,0
1,1,1,0.44640490282899387,125.0876827161008,2,470,0
1,1,1,0.2828521239790615,398.4655551971106,5,668,0
1,1,1,0.2750254085529053,152.251493717405,3,606,0
1,1,0,0.3442859159134522,282.61924991700556,5,383,1
1,1,1,0.13620156896909216,927.7567796802779,4,590,0
1,1,1,0.1036578444265268,507.1321441105098,3,237,1
1,1,1,0.2828521239790615,106.27675108237955,3,441,1
1,1,1,0.44640490282899387,868.1281258753603,4,726,0
1,1,1,0.37008993339073415,400.859188305954,1,12,0
1,1,1,0.21082490652703922,247.65416040569934,3,245,0
1,1,1,0.44640490282899387,789.9808253977101,4,-46,0
1,1,1,0.36643236650295463,347.06561237288645,1,399,0
1,1,1,0.2916477929418046,141.30275599780242,1,612,0
1,1,1,0.2625171002989132,2128.1934223760672,1,-27,1
1,1,1,0.419905690979168,397.200543857374,3,412,0
1,1,1,0.3173771501855524,374.93523934091536,2,297,0
1,1,1,0.11826527161057414,280.17246092679403,3,613,0
0,1,1,0.5048241459567955,1166.7404101500242,1,129,1
1,1,1,0.3173771501855524,251.54184129290954,2,79,0
1,1,1,0.13620156896909216,100.43574070915345,1,21,0
1,0,1,0.2510628995968812,219.02592554492006,5,290,1
1,1,1,0.21082490652703922,1331.5475822094913,3,359,0
1,1,1,0.13620156896909216,853.1359771771718,1,730,0
1,1,1,0.2677657562695904,320.6935238197704,3,340,0
1,1,1,0.13620156896909216,1388.431022046413,5,87,0
1,1,1,0.05810633967327533,790.881389087861,5,541,0
1,1,1,0.2798243783472397,317.37040847514925,5,-8,0
1,1,1,0.36643236650295463,347.47097294035177,3,236,0
1,0,1,0.08902327951143335,542.6073569061142,2,501,0
1,1,1,0.3173771501855524,190.81449873466843,2,158,0
0,1,1,0.419905690979168,405.067839881165,2,451,0
1,1,1,0.1036578444265268,532.5421386948702,5,329,0
1,0,1,0.24614417619698423,88.3874848258081,1,758,1
1,1,1,0.2916477929418046,340.226546748874,5,187,1
0,1,1,0.13620156896909216,307.1233422449333,5,719,0
1,1,1,0.2767647537778325,1017.6600659977845,5,478,0
1,1,0,0.2828521239790615,76.70391158473815,4,584,0
0,1,1,0.44640490282899387,286.18675358085795,5,85,1
1,1,1,0.46015210405281526,261.4964786299024,1,-44,0
1,1,0,0.2625171002989132,957.2493080731817,5,568,1
1,1,1,0.36242851871884985,387.92347375167714,3,353,0
1,1,1,0.23564858214539242,2031.4095305014869,5,205,0
1,1,1,0.36242851871884985,732.1548561580128,1,710,0
1,1,1,0.08902327951143335,278.8849427616907,5,220,0
1,1,1,0.22018251677280468,500.5426585057947,3,312,0
1,1,1,0.1410237131485087,293.3416795959846,1,562,0
1,1,1,0.2510628995968812,874.3287782806574,3,767,1
1,1,1,0.08902327951143335,121.63467170434976,1,713,0
1,1,1,0.0830364113260189,192.22635714549912,1,501,0
1,1,1,0.3173771501855524,607.9671960828034,3,34,0
1,1,1,0.419905690979168,1215.8282415828476,5,34,0
1,0,1,0.46015210405281526,55.60250551578267,1,535,1
1,1,1,0.5048241459567955,1389.9514457386729,2,377,0
0,1,1,0.183269198067007,355.62556172229324,2,54,0
1,1,1,0.1410237131485087,74.0331180465106,3,538,1
1,1,1,0.130383422505818,27.070509967692082,1,750,0
1,1,1,0.11826527161057414,101.85523503099206,4,-4,0
1,1,1,0.1410237131485087,396.3373052935289,3,650,0
1,1,1,0.2510628995968812,380.19784652199894,5,236,0
1,1,1,0.1410237131485087,713.2845229519754,2,282,0
1,1,1,0.23564858214539242,246.03198312756777,3,556,0
1,1,1,0.21082490652703922,148.8238673208973,1,152,0
1,1,1,0.2750254085529053,278.1671664412146,5,75,0
0,1,1,0.14213974082226472,415.8186626856013,5,768,1
0,1,1,0.5692182601492508,496.555626991293,2,239,1
1,0,1,0.36242851871884985,198.29419686101195,3,85,0
1,1,1,0.03696830256968456,908.0523492530788,5,533,0
1,1,1,0.44640490282899387,230.61344382152015,2,126,0
0,1,1,0.1036578444265268,184.42712037172095,2,606,1
1,1,1,0.46365026623247513,247.6081958610646,2,0,0
1,1,1,0.2750254085529053,1061.412830003242,4,385,0
1,1,1,0.5692182601492508,357.98217417488263,2,286,0
1,1,1,0.2750254085529053,215.92645146802795,1,762,0
1,1,1,0.13728543870125234,928.4318455977285,1,388,0
1,1,1,0.5048241459567955,2775.187762222913,5,735,1
1,1,1,0.46015210405281526,487.21932004686914,5,153,0
1,1,1,0.419905690979168,1224.7085971200188,5,347,1
1,1,1,0.2750254085529053,1025.0228207974615,2,639,0
1,1,1,0.05810633967327533,233.90714573482245,3,77,0
1,1,1,0.20019100806330278,413.21612552031627,3,737,1
1,1,0,0.2767647537778325,127.19353616048153,3,604,0
1,1,1,0.24614417619698423,335.4765171178318,1,522,0
1,1,0,0.37008993339073415,229.62066569717086,3,149,0
1,1,1,0.34580639956730186,280.73260665104647,1,643,0
1,1,1,0.34580639956730186,205.42776667029662,2,664,0
1,1,1,0.46365026623247513,311.56652306673254,2,191,0
1,1,1,0.05810633967327533,651.3254351202995,4,444,0
1,1,1,0.14213974082226472,362.2944505857881,5,-8,0
1,1,1,0.34580639956730186,75.34398707993321,4,278,0
1,0,0,0.2625171002989132,206.12679550324856,3,69,1
1,1,1,0.2916477929418046,102.77484068999684,3,418,0
1,1,1,0.36242851871884985,502.5294289955294,3,411,0
1,1,1,0.183269198067007,634.5941290250504,1,398,1
1,1,1,0.2767647537778325,508.2093147727245,5,522,0
1,1,1,0.2677657562695904,198.6085984578398,5,735,0
1,1,1,0.5692182601492508,503.7945450340633,2,109,0
1,1,1,0.419905690979168,264.2504082818036,1,124,0
1,1,1,0.34580639956730186,144.83527978872627,1,125,0
1,1,1,0.5692182601492508,786.613425599114,4,738,0
1,1,1,0.1036578444265268,842.3747431472774,1,19,0
1,1,1,0.21478291236143027,947.6696139072533,1,-34,1
1,1,1,0.11826527161057414,233.33758321098466,4,77,0
1,1,1,0.05810633967327533,1166.106944026631,1,601,0
1,1,1,0.22018251677280468,258.7276525271083,1,438,1
1,0,1,0.46365026623247513,726.4365839488952,1,730,0
1,1,1,0.13620156896909216,254.72349013468272,4,115,0
1,0,1,0.23564858214539242,329.7767969138561,2,278,1
1,1,1,0.22018251677280468,45.64709316029737,2,417,1
1,1,1,0.2677657562695904,307.4394345470916,4,2,0
1,1,1,0.46015210405281526,437.8957945596013,1,729,1
1,1,1,0.3173771501855524,278.9284631245379,3,632,0
1,1,1,0.0830364113260189,1959.744254428647,3,63,1
1,1,1,0.37008993339073415,141.70968928281022,4,664,0
1,0,0,0.2750254085529053,242.930862550848,4,325,1
0,1,1,0.23564858214539242,178.68324388065395,4,229,0
1,1,1,0.2750254085529053,242.88806974841822,2,753,0
1,1,1,0.21082490652703922,1020.7283873245332,1,385,0
1,1,1,0.2625171002989132,1525.7305368479792,3,135,0
1,1,1,0.23107398565158901,214.70964997023896,1,636,0
1,1,1,0.11826527161057414,210.4594949463695,3,555,0
1,1,1,0.19943866470802457,142.39205676330414,4,105,0
0,1,1,0.13620156896909216,1307.2184627115896,5,522,1
1,1,0,0.419905690979168,1106.4411432160987,4,480,0
1,1,1,0.19943866470802457,366.72651517743947,5,176,0
1,1,1,0.3442859159134522,114.83665453799738,3,310,0
1,1,1,0.44640490282899387,124.46240358829455,3,661,0
0,1,1,0.22018251677280468,470.3920544286168,2,89,1
0,1,0,0.19943866470802457,661.4299793316367,4,561,1
1,1,1,0.20019100806330278,62.8323253226525,5,655,0
0,1,0,0.36643236650295463,302.1190305198227,2,745,1
1,1,1,0.2510628995968812,1731.0203314508308,1,219,1
1,1,1,0.183269198067007,331.7035717912793,1,169,0
1,1,1,0.21478291236143027,1541.751337992838,4,743,0
1,1,1,0.0830364113260189,723.5296423939554,4,337,0
1,1,1,0.2798243783472397,152.04071688961898,1,429,0
0,1,1,0.19943866470802457,310.00729702216296,1,381,1
1,1,1,0.1410237131485087,359.3062846396355,4,382,0
1,1,1,0.2828521239790615,171.18410053974674,2,477,0
0,1,1,0.2677657562695904,168.53084332323422,3,304,1
1,1,1,0.22018251677280468,1565.705394768347,2,277,0
1,1,1,0.2677657562695904,167.39820618820121,4,284,0
1,1,1,0.13620156896909216,1064.8534560980038,4,504,0
1,1,1,0.05810633967327533,272.3706900284004,1,643,0
1,1,1,0.1036578444265268,394.226100209985,1,417,0
1,1,1,0.23107398565158901,668.9169931456653,3,522,0
1,1,1,0.21082490652703922,235.40258931057352,4,295,0
1,1,1,0.36242851871884985,672.5751699757815,1,605,1
1,1,1,0.2798243783472397,63.95714632456984,1,278,0
1,1,1,0.05810633967327533,599.2846234232101,4,302,0
1,1,0,0.14213974082226472,43.742618907537924,3,-13,1
1,1,1,0.23107398565158901,328.92769216987426,1,164,0
1,1,1,0.0830364113260189,870.2832094563895,4,575,0
1,1,1,0.44640490282899387,706.3181514635371,1,14,0
0,1,1,0.2750254085529053,125.39021175025998,2,132,1
1,1,1,0.11826527161057414,140.79459335450736,4,607,0
1,1,1,0.05810633967327533,217.06463443062734,2,690,0
0,1,1,0.20019100806330278,477.0371049997001,1,297,1
1,1,0,0.183269198067007,64.79705332603756,5,289,0
1,1,1,0.2625171002989132,398.6559569868607,2,377,0
1,1,1,0.05810633967327533,533.9415822391508,3,602,0
1,1,1,0.19943866470802457,312.706964767212,5,343,0
1,0,1,0.24614417619698423,647.2864105298545,5,89,1
1,1,1,0.11826527161057414,493.4155612911226,5,310,0
0,1,1,0.2767647537778325,247.77254462341935,2,158,0
1,1,1,0.2828521239790615,70.62820548016906,5,528,0
1,1,1,0.1036578444265268,454.8973428630674,1,62,1
1,1,1,0.2677657562695904,171.09726077848956,2,463,0
0,1,1,0.419905690979168,239.7248093191825,1,51,1
1,1,1,0.130383422505818,620.9259279568364,3,775,0
1,1,1,0.46015210405281526,1444.617767929653,5,490,0
1,1,1,0.1036578444265268,389.8436997422043,4,59,0
1,1,1,0.36643236650295463,664.2498460012014,5,764,0
1,1,0,0.24614417619698423,109.9437193913696,1,433,1
1,1,1,0.2510628995968812,503.19170607903226,4,461,0
1,1,0,0.46015210405281526,382.25375038070615,4,-6,1
1,1,1,0.130383422505818,1219.6324508770817,3,101,0
0,1,1,0.2916477929418046,248.0393422217215,1,634,1
1,1,1,0.130383422505818,324.5780868227511,1,342,0
1,1,1,0.2767647537778325,1046.21379892812,5,470,0
0,1,1,0.23107398565158901,371.35912519521867,2,788,1
1,1,1,0.08902327951143335,148.716640962987,4,308,0
1,1,0,0.22018251677280468,4009.6929486548643,5,267,0
1,1,1,0.2767647537778325,152.820879447631,3,629,0
1,1,1,0.21478291236143027,380.60798192922744,2,-4,1
1,1,1,0.2625171002989132,551.1567990359023,3,331,0
0,1,0,0.13728543870125234,513.2975816244409,2,675,1
1,1,1,0.46015210405281526,340.09693040086165,1,135,0
1,1,1,0.05810633967327533,341.6256908614513,5,201,0
1,1,0,0.05810633967327533,326.54289565292595,2,346,1
1,1,1,0.46365026623247513,147.7703718418358,4,3,0
1,1,1,0.2510628995968812,2793.9099037916235,4,0,0
1,1,1,0.36242851871884985,330.9635253731901,3,156,0
1,1,1,0.2510628995968812,690.3770471854394,3,712,0
0,1,1,0.13620156896909216,298.512685102815,1,130,1
1,1,1,0.0830364113260189,293.1582878985389,3,568,0
1,1,1,0.5048241459567955,267.7625830113095,4,306,0
1,1,1,0.19943866470802457,99.9968605314406,1,593,1
1,1,1,0.3173771501855524,349.12882280909486,2,223,0
1,1,1,0.34580639956730186,279.6931504838859,4,692,0
1,1,0,0.22018251677280468,1157.9101428409263,5,258,0
1,1,1,0.23564858214539242,137.41010124788235,2,620,1
1,1,1,0.5692182601492508,239.98286865752524,5,655,0
1,1,1,0.1410237131485087,179.72062825178276,1,311,0
1,1,1,0.03696830256968456,1477.7520908790405,3,513,1
1,1,1,0.183269198067007,184.47840298385415,5,42,0
1,1,1,0.36643236650295463,669.1912276089575,3,366,1
1,1,1,0.05810633967327533,965.9821212953178,3,261,0
1,1,1,0.183269198067007,353.7142485661378,1,760,0
1,1,1,0.2767647537778325,116.84755063568561,3,743,0
1,1,1,0.1410237131485087,118.1862213001898,3,613,1
1,1,1,0.19943866470802457,874.6183837059162,5,756,1
1,1,1,0.3442859159134522,129.7312993169593,2,779,0
1,1,1,0.46365026623247513,574.1116846500944,2,600,0
1,1,1,0.23564858214539242,447.15898335446167,4,450,0
1,1,0,0.2750254085529053,566.467231988556,5,115,0
1,1,1,0.11826527161057414,616.726916498259,2,641,0
1,1,1,0.1036578444265268,174.11156885053546,4,107,0
1,1,1,0.419905690979168,167.6745065165899,5,99,0
0,1,1,0.08902327951143335,767.727168505871,4,696,1
1,1,1,0.37008993339073415,228.96973894834645,3,38,1
1,1,1,0.46365026623247513,33.94923624191404,2,62,0
0,1,1,0.20019100806330278,723.3402847657723,2,379,1
1,1,1,0.183269198067007,158.75542981359996,1,442,0
1,0,1,0.08902327951143335,614.262456326029,1,-21,1
1,1,1,0.2767647537778325,1413.097898434398,3,265,0
1,1,1,0.05810633967327533,409.5611462900653,1,133,0
1,1,1,0.1410237131485087,988.5005989189931,1,199,0
1,1,1,0.2750254085529053,463.3199779545108,4,95,0
1,1,1,0.37008993339073415,1683.5945425026318,1,522,1
1,1,1,0.21478291236143027,155.10520089048836,1,346,0
1,1,1,0.20019100806330278,400.4570491255143,3,765,0
1,1,1,0.23107398565158901,739.404730722057,5,-53,0
0,1,0,0.1036578444265268,339.8925093625631,4,608,1
1,1,1,0.2510628995968812,1137.965271388603,1,722,0
1,1,1,0.2510628995968812,273.4624763444755,1,358,0
0,1,1,0.20019100806330278,2597.8359135156797,4,541,0
1,1,1,0.130383422505818,2724.3298598023766,4,319,0
1,1,1,0.21478291236143027,520.0187125518142,2,451,0
0,1,1,0.183269198067007,663.3754120695036,5,720,0
1,1,1,0.419905690979168,1179.0971436095929,5,395,0
0,1,0,0.130383422505818,138.59033356555696,4,437,1
1,0,1,0.13728543870125234,123.86595674033009,4,788,0
1,1,1,0.21478291236143027,1249.8477494922458,4,367,0
1,1,0,0.3173771501855524,516.249215977119,1,88,1
1,1,1,0.36643236650295463,329.0287979238687,4,527,0
0,1,1,0.3442859159134522,407.4877914470774,5,535,1
1,1,1,0.11826527161057414,47.11364561462681,2,143,0
1,1,1,0.13620156896909216,339.84645646915214,1,566,1
1,1,1,0.419905690979168,204.84588885195384,2,-6,0
0,1,1,0.44640490282899387,921.7411817883496,2,215,1
0,1,1,0.08902327951143335,987.8468746314728,5,675,0
1,1,1,0.36242851871884985,677.90842382755,3,471,0
1,1,1,0.21478291236143027,575.8877619132951,4,462,0
1,1,1,0.13620156896909216,104.83502521854,5,474,0
1,1,1,0.2916477929418046,686.4811536294569,4,81,0
1,1,1,0.2677657562695904,710.8476640720743,4,766,0
1,1,1,0.22018251677280468,1237.2833252329874,5,196,0
1,1,1,0.1410237131485087,2714.569974853114,4,616,0
0,1,1,0.2510628995968812,87.9435730776788,2,791,1
1,1,1,0.22018251677280468,284.39691684044243,4,147,0
1,1,1,0.23107398565158901,206.84299486426698,2,485,1
1,1,0,0.14213974082226472,471.187672254235,2,-24,1
0,1,1,0.3173771501855524,408.3242839851953,4,487,1
1,1,1,0.03696830256968456,326.7927357226307,2,319,0
1,1,1,0.2767647537778325,1017.2354924697498,1,2,0
0,1,1,0.23107398565158901,149.71406026145235,5,517,1
1,1,1,0.19943866470802457,158.06252448648655,3,773,0
1,1,1,0.0830364113260189,160.48448255756767,4,11,0
1,1,1,0.1036578444265268,291.6939602515327,5,707,1
1,1,0,0.2750254085529053,133.52234013552228,4,665,0
1,1,1,0.22018251677280468,386.17307896964894,4,411,1
1,1,1,0.2916477929418046,347.6022355760745,4,715,0
1,1,1,0.21082490652703922,198.76761874932984,2,206,0
0,1,1,0.3173771501855524,885.7100402060014,5,559,0
1,1,1,0.5048241459567955,382.3932481622651,4,540,1
1,1,1,0.2828521239790615,1049.8290576173213,1,439,0
0,1,1,0.46365026623247513,338.4766583741164,1,656,1
1,1,1,0.34580639956730186,394.7389264135894,5,693,0
1,1,1,0.37008993339073415,243.1055802943374,5,616,0
0,1,1,0.2750254085529053,400.8783896147952,5,446,1
1,1,1,0.5692182601492508,765.866732020405,1,780,0
1,1,1,0.14213974082226472,278.60616537785035,5,417,0
1,1,0,0.11826527161057414,643.27400339836,5,487,0
1,1,0,0.2510628995968812,194.12994124104114,4,102,0
1,1,1,0.36242851871884985,798.8278845404346,3,216,0
1,1,1,0.21082490652703922,239.387781885312,3,718,0
0,1,1,0.0830364113260189,868.2779531352766,3,368,1
0,1,1,0.13620156896909216,426.18728601532763,1,379,1
1,1,1,0.21082490652703922,1585.82231111597,3,642,0
1,1,1,0.37008993339073415,142.78486349758143,2,220,0
1,1,1,0.23107398565158901,106.8515944547536,2,168,0
0,1,1,0.2677657562695904,231.69097480823336,1,-53,1
1,1,1,0.2916477929418046,116.0301587766819,3,139,0
1,1,1,0.14213974082226472,116.22623518053351,1,380,0
1,1,1,0.5692182601492508,705.8450125405859,5,563,0
1,1,1,0.21082490652703922,401.91438203720566,5,223,0
1,1,1,0.5692182601492508,261.98496613907486,5,322,0
1,1,1,0.2510628995968812,284.7847587341383,2,130,0
1,1,1,0.183269198067007,235.68262770334908,1,642,0
1,1,0,0.21478291236143027,1781.7160484628098,3,391,0
1,1,0,0.37008993339073415,208.10543766612327,4,63,0
1,1,1,0.2916477929418046,122.7413740530342,1,464,0
1,0,1,0.24614417619698423,825.876755306387,5,228,1
1,1,1,0.2750254085529053,332.22748796572654,3,684,0
1,1,1,0.5048241459567955,2527.2734679046125,5,170,0
1,1,1,0.21082490652703922,251.24157465140806,1,683,0
1,1,0,0.2767647537778325,863.8384410389782,3,540,1
0,1,1,0.03696830256968456,1068.4642301893548,3,56,1
1,1,1,0.23107398565158901,252.34513933963896,1,593,0
1,1,0,0.46365026623247513,206.72125857465025,4,559,0
1,1,1,0.2828521239790615,786.2146744420601,5,332,0
1,1,1,0.183269198067007,676.8182182328953,3,78,0
1,1,1,0.23107398565158901,113.34665989750393,2,351,0
1,1,1,0.46015210405281526,146.1170375052854,4,463,0
1,1,1,0.13620156896909216,41.14955016809462,2,53,0
1,1,1,0.34580639956730186,689.4182793373623,2,233,0
1,1,1,0.5048241459567955,318.73356239238024,4,543,1
1,1,1,0.2510628995968812,348.6486289209606,3,415,1
1,1,0,0.2625171002989132,88.0319936023775,2,793,1
1,1,1,0.2798243783472397,150.16097453275586,3,126,0
1,1,1,0.36242851871884985,262.39132037644765,5,609,0
1,1,1,0.1410237131485087,220.28165110890987,3,305,0
1,1,1,0.14213974082226472,448.5644928669468,1,131,1
1,1,1,0.13728543870125234,682.0625123421422,5,758,0
0,1,0,0.1036578444265268,3110.850101504502,4,475,1
1,1,1,0.11826527161057414,396.2259672869194,2,400,0
0,1,1,0.14213974082226472,1100.8769812042767,5,193,0
1,1,1,0.46015210405281526,191.14350876628043,5,698,0
1,1,1,0.24614417619698423,89.34884515127428,5,-35,0
0,1,1,0.34580639956730186,293.808595015882,2,39,1
1,1,1,0.23564858214539242,95.77967042146439,5,94,0
1,1,1,0.21082490652703922,408.79174705013855,5,501,0
1,1,1,0.24614417619698423,199.85483698509006,5,28,0
1,1,1,0.23564858214539242,69.48811647090837,3,625,0
1,1,1,0.37008993339073415,1924.5022296314576,2,108,0
1,1,1,0.36643236650295463,248.68684595721405,2,521,1
1,1,1,0.3442859159134522,92.4014459514323,5,624,0
1,1,1,0.19943866470802457,905.379879025668,3,695,0
1,1,1,0.22018251677280468,209.40016234331947,5,191,0
1,1,1,0.0830364113260189,1076.154621117913,3,4,0
1,1,1,0.19943866470802457,208.5012630031878,3,591,0
1,1,1,0.21478291236143027,247.9413134293012,1,325,0
0,1,1,0.46365026623247513,550.2366940829361,3,756,1
1,1,1,0.5692182601492508,688.0747240914649,3,101,0
1,1,1,0.5692182601492508,805.6386876150058,1,433,1
0,1,1,0.20019100806330278,372.12617435677987,1,42,0
0,1,1,0.14213974082226472,649.2092276377205,3,357,1
1,1,0,0.20019100806330278,789.2362820015753,2,-60,1
1,1,0,0.24614417619698423,483.23942014076306,4,585,0
0,1,1,0.1036578444265268,354.8189637247349,3,460,0
1,1,1,0.46015210405281526,109.86304521611558,3,23,0
1,1,1,0.37008993339073415,691.7722210512754,1,369,0
1,1,0,0.3173771501855524,419.03578802704595,3,308,0
1,1,1,0.46015210405281526,278.0346462946076,3,519,0
1,1,1,0.46365026623247513,1274.0928666464263,3,368,0
1,1,0,0.11826527161057414,111.60320078197753,2,334,0
0,1,1,0.21478291236143027,1771.5899227769658,1,654,1
0,1,1,0.21082490652703922,395.4221977829897,5,386,1
1,1,1,0.2750254085529053,536.8755733366827,5,640,0
1,1,1,0.13728543870125234,282.7209296842279,5,701,0
1,1,1,0.3442859159134522,89.9842251385272,2,669,1
1,1,1,0.1410237131485087,355.793708141469,4,761,0
1,1,1,0.24614417619698423,545.2641827486015,1,540,0
1,0,1,0.19943866470802457,741.4464212825112,5,423,1
1,1,1,0.13620156896909216,337.5690633090051,1,396,0
1,1,1,0.3442859159134522,56.07634932146831,3,115,0
1,1,1,0.03696830256968456,100.7361567977967,5,651,0
1,1,1,0.3173771501855524,2557.5822596305998,4,536,1
1,1,1,0.0830364113260189,150.9151283069269,5,691,0
1,1,1,0.13728543870125234,1457.3055740019256,3,543,0
1,0,1,0.46015210405281526,174.04640104292162,1,353,0
1,1,1,0.13620156896909216,342.33496283856203,1,193,0
1,1,1,0.46365026623247513,708.1723056454783,1,787,0
1,1,1,0.2750254085529053,192.83309038500505,1,570,0
0,0,1,0.183269198067007,1690.8618057713632,3,692,1
1,1,1,0.5048241459567955,431.8833472482216,1,443,1
1,1,1,0.46365026623247513,610.7976718334846,1,379,0
0,1,1,0.1036578444265268,317.0798683527972,3,-31,1
1,1,1,0.2916477929418046,729.8567327066629,4,-1,0
0,1,1,0.22018251677280468,1670.5588094308619,4,547,1
1,1,1,0.08902327951143335,358.4691689274617,1,133,0
1,1,1,0.11826527161057414,1913.599900335887,5,10,0
1,1,1,0.20019100806330278,232.6566525283283,3,607,0
1,0,1,0.37008993339073415,802.4635516086676,2,473,1
0,1,1,0.13728543870125234,626.5339122868616,2,35,1
1,1,0,0.1410237131485087,154.20395889783273,5,369,0
1,1,0,0.03696830256968456,489.03239473065514,3,344,0
0,1,1,0.46365026623247513,406.1121463780536,2,-57,1
1,1,1,0.130383422505818,187.19054239084946,3,460,0
1,1,1,0.3442859159134522,556.7978183251821,1,281,0
1,1,1,0.2625171002989132,460.19973027520257,1,695,0
1,1,1,0.3442859159134522,377.91592393351215,2,39,0
1,1,1,0.183269198067007,379.2821085194602,2,668,0
1,1,1,0.11826527161057414,372.0360532697433,2,-55,1
1,0,1,0.22018251677280468,289.76502643590635,1,597,0
1,1,1,0.13620156896909216,457.53376511097326,4,613,0
1,1,1,0.14213974082226472,225.98693974705267,1,290,1
1,1,1,0.1410237131485087,4407.7892651265165,2,181,0
1,1,1,0.23107398565158901,113.47698931800949,5,62,0
1,1,1,0.2510628995968812,238.3493680964112,1,232,0
1,1,1,0.2916477929418046,255.91160858206757,2,515,0
1,1,1,0.5048241459567955,2531.18809153883,3,563,0
1,1,1,0.13620156896909216,122.96242427742554,2,95,0
1,1,1,0.1410237131485087,591.8954817431613,2,-51,1
1,1,1,0.44640490282899387,504.4933501023052,1,422,0
1,1,1,0.37008993339073415,544.703752896501,3,439,0
1,1,1,0.36242851871884985,1227.468069066454,4,783,1
1,1,1,0.130383422505818,1205.0139513871509,3,594,0
1,1,0,0.23107398565158901,268.8460352650026,5,413,0
1,1,1,0.46365026623247513,480.3983735310952,4,448,0
1,1,1,0.22018251677280468,75.3623769517937,4,495,0
0,1,1,0.5692182601492508,441.06122926049346,3,328,0
1,1,1,0.08902327951143335,197.43501948762923,4,522,0
1,1,1,0.34580639956730186,341.1273324866733,3,108,0
1,1,1,0.20019100806330278,88.51440628654281,5,654,0
1,1,1,0.2767647537778325,580.7875678399049,3,681,0
1,1,1,0.1036578444265268,87.62691275433463,3,314,0
1,1,1,0.2798243783472397,461.02678631455086,1,332,0
0,1,1,0.2767647537778325,133.77308463427673,5,367,1
1,1,1,0.183269198067007,187.78976548003,3,642,0
1,1,1,0.44640490282899387,1140.5420288451446,4,91,0
0,1,1,0.37008993339073415,684.7995387837444,4,233,0
1,1,0,0.23564858214539242,1134.880710945472,1,468,1
1,1,1,0.2625171002989132,1642.1381460210675,4,536,0
0,1,1,0.34580639956730186,201.22932207657684,3,194,0
1,1,1,0.23564858214539242,1554.7569283122664,2,40,0
1,1,1,0.2798243783472397,107.8827413915763,2,376,0
1,1,1,0.36242851871884985,789.5714272389974,4,489,1
0,1,1,0.21478291236143027,258.7846003657609,1,599,0
1,1,1,0.419905690979168,174.64055175550587,4,-58,0
1,1,1,0.2828521239790615,701.361103446115,5,-45,0
1,1,1,0.21082490652703922,944.3117664132269,1,272,1
1,1,1,0.2510628995968812,919.4186314709948,1,424,0
1,1,1,0.03696830256968456,489.49482994531223,1,-57,0
1,1,1,0.183269198067007,454.3017256304614,4,89,0
1,1,1,0.11826527161057414,648.1874486505616,5,300,0
1,1,0,0.13620156896909216,530.2707196693935,5,180,1
0,1,1,0.03696830256968456,656.6953784443422,1,551,0
1,1,0,0.21082490652703922,484.73362584662226,3,-31,1
1,1,1,0.21082490652703922,861.353890006085,1,703,0
1,1,1,0.19943866470802457,93.271348821345,2,85,0
1,1,1,0.2750254085529053,358.47318964170785,2,318,0
1,1,1,0.1410237131485087,116.11001601157676,4,788,0
0,1,1,0.23107398565158901,517.5115355683387,5,509,1
0,1,1,0.2916477929418046,1768.23500946287,5,798,1
1,1,1,0.183269198067007,263.3078016275603,1,-44,1
1,1,1,0.03696830256968456,452.38194192116316,2,559,0
1,1,1,0.20019100806330278,796.9867417277684,2,5,0
1,1,1,0.46015210405281526,62.74314703247493,2,466,1
1,0,1,0.36242851871884985,252.16926942085277,2,220,0
1,1,1,0.183269198067007,560.0712979235268,4,608,0
1,1,1,0.03696830256968456,29.746299773906447,4,46,0
1,1,1,0.1036578444265268,167.48140936379346,5,711,0
1,1,1,0.419905690979168,1086.5601680665918,4,353,0
1,1,1,0.1410237131485087,994.9547019119699,2,386,0
0,1,1,0.23107398565158901,565.0342815599373,1,431,1
0,1,1,0.5692182601492508,892.45659190399,2,-30,1
1,1,1,0.2798243783472397,489.6024870671929,4,206,0
1,1,1,0.08902327951143335,665.0454716226495,5,550,0
1,0,1,0.3173771501855524,303.66091328597247,2,766,1
0,1,1,0.0830364113260189,447.74837632222176,1,786,1
1,1,1,0.24614417619698423,228.34705717997423,1,400,0
1,1,1,0.2916477929418046,1257.819581148471,1,161,0
1,1,0,0.46365026623247513,1586.6869919883222,4,350,0
0,1,1,0.46015210405281526,1396.7753265030274,3,338,1
1,1,1,0.2916477929418046,279.416112810767,4,281,0
1,1,1,0.419905690979168,170.9897074895243,1,250,0
1,1,1,0.130383422505818,1273.1842114849055,3,686,0
1,1,1,0.2677657562695904,658.2050324999581,1,275,0
0,1,1,0.183269198067007,542.2493263438823,2,-35,0
1,1,0,0.46365026623247513,228.08790971091423,4,560,1
1,1,1,0.21478291236143027,591.7578010792411,2,511,0
1,1,1,0.2916477929418046,151.90415250187206,4,265,0
1,1,1,0.34580639956730186,713.8380532747659,2,481,0
1,1,1,0.36242851871884985,1395.4860125119867,3,749,1
1,0,1,0.13728543870125234,1750.9976488135933,3,735,0
1,1,1,0.5048241459567955,763.3156553629473,2,619,0
1,1,1,0.08902327951143335,116.30087758175505,1,441,0
1,1,1,0.5048241459567955,481.8327768465722,3,-37,0
1,1,1,0.2510628995968812,2767.5384825464225,5,380,0
1,1,1,0.11826527161057414,184.6107526231758,4,643,0
1,1,1,0.46365026623247513,382.5030336632171,4,666,1
1,1,1,0.2767647537778325,1439.6739115601886,5,604,0
1,1,1,0.36643236650295463,703.0447389765959,1,788,0
1,0,1,0.23107398565158901,3759.873875369376,4,384,1
1,1,1,0.08902327951143335,208.59979401335875,2,34,0
0,1,1,0.0830364113260189,165.54114808612593,4,367,0
1,1,1,0.13728543870125234,1214.0448224749387,5,214,0
1,1,1,0.14213974082226472,137.5117316496865,5,658,0
1,1,1,0.0830364113260189,337.9536683042177,3,608,1
1,1,0,0.1036578444265268,380.2839116317451,5,305,0
0,1,1,0.13728543870125234,1024.9412020231964,4,273,1
1,1,1,0.5048241459567955,701.2336711531678,1,77,0
0,1,1,0.2828521239790615,608.7200188039142,2,-23,1
1,1,0,0.130383422505818,280.8476102322572,5,209,0
1,1,1,0.2677657562695904,1204.119191430559,5,147,1
1,1,0,0.36242851871884985,15111.958128834483,5,168,1
1,1,0,0.419905690979168,751.5621364666338,2,798,0
1,1,1,0.37008993339073415,441.2912052066365,2,525,0
1,1,1,0.11826527161057414,125.45201390197548,5,414,0
1,1,1,0.0830364113260189,227.29908279090392,1,93,0
1,1,0,0.419905690979168,332.8396323501971,5,663,1
1,1,0,0.21082490652703922,249.3505614788456,4,494,0
0,0,1,0.5048241459567955,397.6331907046862,4,382,1
1,1,1,0.2750254085529053,1998.6244923912352,3,340,0
1,1,1,0.36643236650295463,1239.4837306244576,5,415,0
1,1,1,0.11826527161057414,349.69122652496026,4,662,0
1,1,0,0.44640490282899387,135.98547108891432,1,559,0
1,0,1,0.24614417619698423,1344.3029146498461,3,357,1
1,1,1,0.36643236650295463,386.00532082276925,5,514,0
1,1,1,0.21082490652703922,85.29788138416978,1,739,0
1,1,1,0.5692182601492508,766.003781677141,4,220,0
1,1,1,0.37008993339073415,1015.4813503001731,2,714,1
0,1,1,0.2916477929418046,45.45316410894317,3,461,1
1,1,1,0.24614417619698423,192.07786219364888,5,99,0
1,1,1,0.34580639956730186,365.2534111558976,3,771,0
1,1,1,0.46015210405281526,781.378619279388,1,530,0
1,1,1,0.36242851871884985,253.6177149020815,1,271,0
1,1,1,0.34580639956730186,190.77072001999724,4,124,0
1,1,1,0.23107398565158901,776.2326831925263,5,727,0
1,1,1,0.2828521239790615,264.67690719876083,2,648,0
1,1,1,0.13728543870125234,657.108523687075,5,-22,0
1,1,1,0.2750254085529053,148.35913326879506,3,486,0
0,1,1,0.5048241459567955,119.45028774529383,1,38,1
1,1,1,0.419905690979168,796.1138806967657,3,192,0
0,1,1,0.24614417619698423,506.3701478178032,5,428,1
0,1,1,0.34580639956730186,925.3852709323048,2,154,1
1,1,1,0.46365026623247513,249.80142423357063,5,380,0
1,1,1,0.37008993339073415,197.2368375605156,4,309,0
1,1,1,0.2510628995968812,1372.853910987462,2,440,0
1,1,1,0.20019100806330278,102.44613132746643,4,628,0
1,1,1,0.5048241459567955,1244.2828741711348,3,73,0
1,0,1,0.34580639956730186,1324.0549474542001,1,624,1
1,1,1,0.03696830256968456,874.874600908156,5,131,0
1,1,1,0.3442859159134522,217.23359184557924,2,-32,1
1,1,1,0.11826527161057414,193.47117731821146,3,323,0
1,1,1,0.2798243783472397,333.9361490865037,4,199,0
1,1,1,0.23107398565158901,125.77118838026928,1,98,0
1,1,1,0.419905690979168,169.7752326126062,4,303,0
0,1,1,0.2767647537778325,720.7273153559051,2,687,1
1,1,1,0.20019100806330278,723.7269662371849,3,443,0
1,1,1,0.46015210405281526,156.86454403869044,3,565,1
1,0,1,0.13620156896909216,741.3773513569649,4,68,1
1,1,1,0.2677657562695904,607.2089557100948,1,5,1
1,1,1,0.21478291236143027,1570.1047708156314,1,228,0
1,1,1,0.2916477929418046,673.3214127142983,3,606,0
1,1,1,0.37008993339073415,1045.9940417249015,1,701,0
1,1,1,0.13620156896909216,619.7832572486411,2,27,0
0,1,1,0.46365026623247513,974.5113820119375,4,349,1
0,1,1,0.2677657562695904,126.67117545155759,5,280,0
1,1,1,0.21478291236143027,361.5607179395463,4,579,0
0,1,1,0.37008993339073415,389.5201155786945,2,116,0
1,1,1,0.2750254085529053,323.96161863048457,5,356,1
1,1,1,0.13728543870125234,601.5429678046142,3,670,0
1,1,1,0.2767647537778325,714.0419320997614,1,339,0
1,1,1,0.24614417619698423,574.2307789078666,4,611,0
1,1,1,0.183269198067007,344.0374462753925,3,474,0
1,1,1,0.13620156896909216,208.06341814108802,2,453,1
1,1,1,0.11826527161057414,1082.975329259013,4,163,1
1,1,1,0.36242851871884985,552.66914699896,4,793,1
1,1,1,0.5048241459567955,161.29702280197742,2,154,0
0,1,1,0.2828521239790615,338.8919118760171,1,740,1
1,1,1,0.05810633967327533,84.01793517691843,3,790,0
1,1,1,0.1410237131485087,416.47796411181633,1,379,1
1,0,1,0.13728543870125234,337.46373465372665,4,687,1
1,0,1,0.46015210405281526,240.56245516787,3,554,1
1,1,1,0.419905690979168,1679.3131857847409,2,574,0
0,1,1,0.08902327951143335,142.51700022421483,3,-2,1
1,1,1,0.46015210405281526,761.8530250066543,2,57,0
0,1,1,0.1036578444265268,2887.1852508056554,2,-1,1
1,1,1,0.2767647537778325,1063.7345049532016,2,-35,1
1,1,1,0.46365026623247513,392.1385009397725,4,658,0
1,1,1,0.3442859159134522,145.378142122712,5,90,0
0,1,1,0.183269198067007,118.40891806093546,4,-55,0
1,1,1,0.46015210405281526,278.55164291263515,2,746,0
1,1,1,0.5692182601492508,217.39138347618723,5,179,0
0,1,1,0.183269198067007,211.11600770420816,1,642,1
0,1,1,0.46015210405281526,300.76158969104756,2,766,1
0,1,1,0.36643236650295463,367.96124363107424,1,389,1
1,1,1,0.2767647537778325,624.3372910603003,5,736,0
1,1,1,0.24614417619698423,132.42062409522427,1,773,0
1,1,1,0.2767647537778325,218.3240841679445,3,64,0
1,1,1,0.2828521239790615,349.4271591347734,1,66,0
1,1,1,0.46365026623247513,338.34406648955996,2,258,0
1,1,1,0.22018251677280468,2106.4963246936704,4,420,0
1,1,1,0.130383422505818,497.2147043182063,5,615,0
1,1,1,0.2677657562695904,94.42153472632995,1,97,0
1,1,1,0.3173771501855524,587.7861700770545,1,106,0
1,1,1,0.24614417619698423,659.246390771835,2,203,0
0,1,1,0.419905690979168,360.461362907271,5,173,1
1,1,1,0.44640490282899387,135.3606899552048,1,748,0
1,1,1,0.21478291236143027,1963.0393222394423,1,280,0
1,1,1,0.1036578444265268,154.0233905821204,3,686,0
1,1,1,0.2625171002989132,731.2058244950709,2,-12,0
1,1,1,0.21478291236143027,483.01392147052485,1,27,0
1,1,1,0.36643236650295463,692.791781278222,3,631,0
1,1,1,0.130383422505818,1874.6403970121357,4,154,0
1,1,1,0.14213974082226472,668.7932606409827,1,11,1
1,1,1,0.24614417619698423,244.00828891048684,4,451,0
1,1,0,0.2677657562695904,1091.5926413101229,1,66,1
1,1,1,0.37008993339073415,228.60839974118187,4,-8,0
1,1,1,0.22018251677280468,467.40784684763645,2,289,0
1,1,1,0.3173771501855524,125.99279878091497,2,413,0
0,1,1,0.2767647537778325,159.1817920615868,1,393,1
1,1,1,0.46015210405281526,422.52474088589463,5,442,0
1,1,1,0.2625171002989132,561.8742316347212,3,-40,1
0,1,1,0.36242851871884985,87.16897179708751,4,190,0
1,0,1,0.46015210405281526,631.1595171836946,2,235,1
1,1,1,0.08902327951143335,192.96598330434566,1,192,1
1,1,1,0.3442859159134522,1276.2983001168234,1,420,1
1,1,1,0.05810633967327533,293.89777831045683,3,137,0
0,1,1,0.2767647537778325,146.75139394037672,2,483,1
0,1,1,0.21478291236143027,431.9129667813873,4,744,1
1,1,1,0.2916477929418046,176.86531293325183,4,508,0
1,1,1,0.46365026623247513,1264.0177625897302,2,274,0
0,1,1,0.1410237131485087,403.62135031870844,3,313,1
1,1,1,0.3173771501855524,351.95067544967924,2,443,0
0,1,1,0.2828521239790615,687.1969394708099,4,562,1
1,1,1,0.2677657562695904,163.29319130652976,4,199,0
1,1,1,0.03696830256968456,126.4392189644413,4,-27,0
1,1,1,0.19943866470802457,582.6090752146504,1,544,1
0,1,1,0.23107398565158901,149.94916891898137,2,508,0
1,1,1,0.46365026623247513,149.9033662696861,5,27,0
1,1,1,0.2916477929418046,856.6936853979155,2,478,0
1,1,1,0.13728543870125234,647.1367931604,1,1,1
1,1,1,0.46015210405281526,130.52351626494283,1,493,0
0,1,1,0.1036578444265268,231.0831405001538,1,580,0
1,1,1,0.36242851871884985,178.8668366481942,4,-47,0
1,1,1,0.2828521239790615,1995.5747203974995,1,564,0
1,1,1,0.21082490652703922,911.7897122498282,3,43,0
1,0,0,0.3173771501855524,276.2315984300191,2,167,1
1,1,1,0.1036578444265268,677.6122491342261,1,546,0
1,1,1,0.23107398565158901,119.03676948601796,5,245,0
1,1,1,0.2625171002989132,220.2181099135872,4,780,0
1,1,1,0.23564858214539242,443.35772035205673,5,763,0
1,1,1,0.5692182601492508,606.0773839665794,5,788,0
1,1,1,0.14213974082226472,369.5502726566792,5,29,0
1,1,1,0.44640490282899387,504.320591271844,4,91,0
1,1,0,0.419905690979168,432.89829416518734,3,97,1
1,1,1,0.1410237131485087,348.20115283842495,4,443,0
1,1,1,0.5048241459567955,309.03945876950314,3,309,0
1,1,1,0.37008993339073415,274.88741520629833,1,581,0
1,1,1,0.3173771501855524,497.0764105127504,2,182,0
0,1,1,0.2916477929418046,583.9025078500575,3,111,1
1,1,1,0.2798243783472397,482.27922465731695,1,498,1
1,0,1,0.2750254085529053,139.66722865085154,5,470,1
0,0,1,0.13620156896909216,164.18025399503142,5,533,1
1,1,1,0.2510628995968812,577.6647166439211,3,208,0
0,1,1,0.419905690979168,1517.0242589281902,3,392,0
1,1,1,0.14213974082226472,462.7439676068453,5,738,0
1,1,1,0.2625171002989132,278.52238377831094,3,465,0
0,1,1,0.46365026623247513,493.68931873519534,4,741,1
1,1,1,0.24614417619698423,145.01841287999855,3,312,0
1,1,0,0.5692182601492508,1310.3490628381962,2,-22,1
0,1,1,0.183269198067007,477.199541808749,4,593,1
1,1,1,0.20019100806330278,220.851053472024,1,335,0
1,1,1,0.21478291236143027,347.1941315815264,2,-24,0
1,0,1,0.22018251677280468,251.05383322686708,4,59,0
1,1,1,0.2677657562695904,1313.5687898087974,4,209,0
1,1,1,0.0830364113260189,336.2933752079554,5,104,0
1,1,1,0.5692182601492508,463.9743040564258,4,528,0
1,1,1,0.05810633967327533,676.1086655545439,1,465,0
1,1,1,0.22018251677280468,207.12242770267443,5,223,0
1,1,1,0.419905690979168,480.26523275007037,3,12,0
1,1,1,0.5692182601492508,516.4569896827076,1,7,0
1,1,1,0.05810633967327533,99.61662427772072,3,753,0
1,1,1,0.419905690979168,506.4506268675066,1,236,0
1,1,1,0.37008993339073415,387.15074592976345,3,32,0
1,0,1,0.03696830256968456,453.48838753254375,3,551,0
1,1,1,0.44640490282899387,416.57509361142075,1,688,0
1,1,1,0.08902327951143335,509.40984328719117,5,44,0
1,1,1,0.46015210405281526,1344.27337324086,3,752,1
1,1,1,0.44640490282899387,139.55284254258638,5,563,0
1,1,1,0.5048241459567955,296.5046490413587,3,156,1
0,1,1,0.44640490282899387,735.0634088724842,3,606,1
1,1,1,0.0830364113260189,621.9335666183123,5,301,0
1,1,1,0.3442859159134522,610.0036849238464,2,486,1
1,0,1,0.34580639956730186,4808.880030547946,5,49,1
1,1,1,0.2677657562695904,701.1500894193309,1,150,0
1,1,1,0.5048241459567955,1116.3771307437955,5,605,0
1,1,1,0.2750254085529053,306.01531417778705,4,632,0
1,1,1,0.37008993339073415,165.07152478058597,3,-51,1
1,1,1,0.23107398565158901,304.0263312744759,2,124,0
1,1,1,0.13728543870125234,765.6798670177911,3,462,0
1,1,1,0.21478291236143027,581.8106605849724,3,719,0
0,1,1,0.1036578444265268,579.9409184085174,5,519,1
1,0,1,0.21478291236143027,332.6497224684539,5,547,0
1,1,1,0.36242851871884985,288.1777977839818,3,274,0
1,1,1,0.23107398565158901,343.13655248314024,2,-13,1
1,1,1,0.08902327951143335,774.3530489212449,2,598,0
0,1,1,0.08902327951143335,859.7612078093026,2,627,1
1,1,1,0.20019100806330278,163.1030998540593,1,321,0
1,1,1,0.44640490282899387,801.1981569990688,1,375,0
1,1,1,0.36242851871884985,224.60670441344325,4,142,0
1,1,1,0.03696830256968456,615.2504905917983,2,329,0
1,1,1,0.2625171002989132,339.41747241677274,3,148,0
1,1,1,0.03696830256968456,1651.1209408315035,4,301,1
1,1,1,0.13620156896909216,276.9211570038474,4,55,0
1,1,1,0.1410237131485087,473.78359025937414,2,461,0
1,1,1,0.2677657562695904,696.4067090868592,4,152,0
1,1,1,0.3173771501855524,183.72444156402088,1,563,0
1,0,1,0.130383422505818,377.8240647556576,3,385,0
1,1,1,0.13728543870125234,317.3716878328574,1,710,0
0,1,0,0.22018251677280468,254.05934080136026,3,130,1
0,1,1,0.34580639956730186,271.5779749426108,1,174,1
1,1,1,0.11826527161057414,1097.5252355178563,5,149,0
1,1,1,0.08902327951143335,235.40427111034106,4,482,0
1,1,1,0.44640490282899387,671.6699636793986,2,31,0
1,1,1,0.2916477929418046,535.4649858387576,4,530,0
1,1,1,0.183269198067007,114.74564496002282,2,644,0
0,1,1,0.0830364113260189,643.7126910086932,3,520,1
1,1,1,0.23107398565158901,113.05089451099647,1,55,0
1,1,1,0.05810633967327533,710.0125495833393,3,363,0
1,1,1,0.130383422505818,255.57796789192798,1,398,0
1,1,1,0.21478291236143027,406.47829304989784,1,276,0
1,1,1,0.34580639956730186,125.85721440133929,3,341,1
0,1,0,0.08902327951143335,450.4036097087168,3,595,1
1,1,1,0.2677657562695904,929.1362360955858,2,657,0
1,1,1,0.46015210405281526,195.14270565433932,1,198,0
1,1,1,0.05810633967327533,233.58583761553808,3,223,0
0,1,1,0.46365026623247513,607.3826095360463,5,118,1
1,1,1,0.05810633967327533,621.2021120883821,4,285,0
1,1,1,0.13728543870125234,45.116075824479964,1,409,0
1,1,0,0.3173771501855524,2474.6784005902077,5,553,1
1,1,1,0.3173771501855524,649.172279461692,3,170,0
1,1,1,0.130383422505818,755.3844282914987,3,126,0
1,1,1,0.36242851871884985,354.5373138089876,1,-32,0
1,1,1,0.1410237131485087,75.95809770884189,2,20,0
0,0,1,0.20019100806330278,740.4438880856247,4,-16,1
1,1,1,0.19943866470802457,242.57981120284137,2,118,0
1,1,1,0.3442859159134522,658.2195411000147,1,537,0
1,1,1,0.1410237131485087,331.31813170288063,1,605,0
1,1,1,0.5692182601492508,499.8137061053122,5,776,0
0,1,0,0.19943866470802457,200.838932651746,5,408,1
1,1,1,0.36242851871884985,878.2664737225764,1,331,0
1,1,0,0.13728543870125234,138.44302435464303,5,713,0
1,1,1,0.19943866470802457,3044.2580320150596,5,66,0
1,1,1,0.22018251677280468,3023.449785448829,2,482,0
1,1,1,0.23107398565158901,1753.606190510311,4,643,0
1,1,1,0.44640490282899387,1271.4726660126155,2,372,1
0,1,1,0.13620156896909216,373.8693772014163,2,164,1
0,1,1,0.1036578444265268,1152.734281306928,4,473,1
1,1,1,0.2750254085529053,369.97711469567156,2,796,0
1,1,1,0.36643236650295463,99.66695841700616,2,142,0
0,1,1,0.21478291236143027,1560.6868200676206,2,424,1
1,1,1,0.24614417619698423,1114.2557994674928,1,-17,1
1,1,1,0.5048241459567955,392.20897730497353,5,140,0
1,1,1,0.23564858214539242,133.93226249899314,4,599,1
1,1,1,0.2750254085529053,238.03539737501046,5,366,0
1,1,1,0.11826527161057414,78.33300027051477,3,111,0
1,1,0,0.13620156896909216,944.4216856985433,1,228,1
1,1,1,0.36643236650295463,95.29924895910575,2,44,0
1,1,1,0.2625171002989132,522.2507221131369,2,610,0
1,1,1,0.19943866470802457,188.79768405876757,5,750,0
1,1,1,0.03696830256968456,111.71677786553875,2,31,0
1,1,0,0.0830364113260189,499.95574472290656,4,144,1
1,1,1,0.20019100806330278,298.74206828486274,1,677,1
1,1,1,0.2677657562695904,857.7993333181431,5,695,0
1,1,1,0.3442859159134522,128.91525598559528,4,599,0
1,1,1,0.2828521239790615,204.06056133440745,3,554,0
1,1,1,0.44640490282899387,47.04581962040016,2,680,0
0,1,0,0.23564858214539242,56.491375806282804,2,261,0
1,1,1,0.21082490652703922,2035.2484298593163,2,709,0
1,1,1,0.13728543870125234,2631.313472459568,3,702,0
1,1,1,0.130383422505818,438.5411213399702,5,137,0
1,1,1,0.3442859159134522,192.20338546905145,2,2,0
0,1,1,0.130383422505818,308.39948354445704,4,388,1
1,1,1,0.1036578444265268,885.5569616326495,3,592,0
1,0,1,0.46365026623247513,253.92777651609143,4,670,1
1,0,1,0.23107398565158901,499.63132694433637,4,62,1
1,1,1,0.1036578444265268,398.8237358782327,1,264,1
1,1,1,0.46015210405281526,241.78976210122124,1,600,0
1,1,1,0.2798243783472397,251.24448995547013,5,-9,0
1,1,1,0.183269198067007,525.3101155668091,1,561,0
1,1,0,0.2828521239790615,167.46940489723568,3,190,0
1,1,1,0.03696830256968456,605.803945265978,4,-41,0
1,1,1,0.5692182601492508,263.90229404159504,3,148,0
1,1,1,0.2510628995968812,452.42887758712595,1,577,0
1,1,1,0.03696830256968456,1401.8755667462563,1,688,0
1,1,1,0.2510628995968812,346.75801005246905,4,9,0
1,0,1,0.20019100806330278,923.1796994419833,5,338,1
1,1,0,0.13620156896909216,80.41256376451916,2,113,0
1,1,1,0.2750254085529053,264.19125397159706,3,527,0
1,1,1,0.2625171002989132,413.6084523225928,5,611,0
0,1,1,0.5692182601492508,2277.8734999733247,5,767,1
1,1,1,0.0830364113260189,69.13375628812821,3,245,0
1,0,1,0.5692182601492508,369.96600546530107,4,197,1
0,1,1,0.1410237131485087,1496.702996829747,5,206,1
1,1,1,0.5048241459567955,199.03518840727816,4,594,0
1,1,1,0.36643236650295463,333.10077459739097,3,322,1
1,1,1,0.36242851871884985,543.791056929946,4,-41,0
1,1,1,0.11826527161057414,476.30466325878626,2,754,0
1,1,1,0.37008993339073415,1651.0940832461758,5,29,0
1,1,1,0.5048241459567955,604.0315484270786,1,738,1
0,1,1,0.1036578444265268,1332.7444694453923,2,79,0
0,0,1,0.3442859159134522,291.7777780387898,2,402,1
1,1,1,0.46365026623247513,207.16739332409975,2,208,0
1,1,1,0.46365026623247513,329.2604655945324,3,530,0
0,1,1,0.5048241459567955,142.13925072097288,4,286,0
1,1,1,0.2750254085529053,623.382644321695,5,255,0
1,1,1,0.2625171002989132,285.06285463175607,3,350,1
1,1,1,0.21478291236143027,220.38807949060606,4,774,0
1,1,1,0.2798243783472397,631.9388092540715,3,150,1
1,1,1,0.11826527161057414,144.12137115602337,1,128,0
1,1,1,0.5692182601492508,807.103564274374,4,-4,0
1,1,1,0.2828521239790615,262.30195767940734,1,575,0
0,1,1,0.21478291236143027,1145.0307822461762,3,522,1
1,1,1,0.2798243783472397,283.30843474759723,5,463,0
0,1,1,0.23107398565158901,712.4563876133392,4,-40,1
1,1,1,0.23107398565158901,474.18907586866743,3,619,0
0,1,1,0.20019100806330278,788.0107141031424,2,636,1
1,1,1,0.14213974082226472,445.3908462820782,5,752,0
0,1,1,0.22018251677280468,90.28238134170691,5,739,0
1,1,1,0.36643236650295463,1000.1589189620627,2,166,0
1,1,0,0.03696830256968456,372.81613773409396,1,550,1
1,1,1,0.2510628995968812,821.0339573992648,3,286,0
1,1,1,0.20019100806330278,750.8619619284414,4,452,0
1,1,1,0.2510628995968812,201.1464333794176,5,225,1
1,1,1,0.419905690979168,177.09461456889957,5,505,0
1,1,1,0.183269198067007,727.6495837441299,2,759,0
1,1,1,0.3173771501855524,307.07004265357506,2,500,0
0,1,1,0.36242851871884985,937.0965808938714,5,731,1
1,1,1,0.08902327951143335,343.6484377210504,2,741,0
1,1,1,0.20019100806330278,1013.4025402540994,3,42,0
0,1,1,0.13620156896909216,590.5025982947486,2,769,1
1,1,1,0.21478291236143027,522.7887665041358,2,643,1
1,1,1,0.3173771501855524,288.12370556758844,3,306,0
1,1,1,0.08902327951143335,497.29571674105824,2,456,0
1,1,0,0.36643236650295463,1180.3513689805638,3,470,0
1,1,1,0.2750254085529053,384.21645827740707,2,616,0
1,1,1,0.2828521239790615,650.7053961567904,1,630,0
1,1,1,0.34580639956730186,420.6175837003347,4,28,0
0,1,1,0.130383422505818,451.30511399717,5,-60,1
0,1,1,0.183269198067007,1902.7770080096825,3,151,1
1,1,1,0.20019100806330278,1189.8196594441126,2,393,0
1,1,1,0.23564858214539242,433.3143446037286,4,670,0
1,1,1,0.20019100806330278,489.3160888631162,3,501,0
1,1,0,0.19943866470802457,214.50146041450571,3,56,0
1,1,1,0.44640490282899387,345.269616306162,3,556,1
1,1,1,0.183269198067007,532.9662006783852,4,342,0
1,1,1,0.2677657562695904,867.4451052882869,1,257,0
1,1,1,0.419905690979168,791.7920603031532,1,603,0
1,1,1,0.3442859159134522,148.66074781947887,1,194,0
1,1,1,0.24614417619698423,971.9306533359822,1,472,0
1,1,1,0.183269198067007,372.4503307126242,5,96,0
1,1,1,0.21478291236143027,165.95352510157576,4,268,0
1,1,1,0.21082490652703922,1343.1142500626504,4,419,0
1,1,1,0.5692182601492508,1505.6065166017706,4,476,0
1,1,1,0.46015210405281526,511.51263354869343,1,730,0
1,1,1,0.130383422505818,763.5008528727511,2,189,0
1,1,0,0.2625171002989132,804.8889260770937,4,710,0
1,1,1,0.2828521239790615,1416.8550452544878,3,642,1
1,1,0,0.19943866470802457,776.8611800011162,3,249,1
1,1,1,0.08902327951143335,122.12932817965316,4,60,1
1,1,1,0.03696830256968456,2462.240468708292,1,161,0
1,1,1,0.183269198067007,1052.6764506009492,4,505,0
1,1,1,0.2916477929418046,255.04199433201228,4,618,0
1,1,1,0.2767647537778325,159.7064487614796,3,466,0
0,1,1,0.2798243783472397,635.4491599582747,3,563,1
1,1,0,0.23107398565158901,314.0543202801443,1,27,1
1,1,1,0.130383422505818,542.9383722726451,2,374,0
1,1,1,0.2767647537778325,787.6597105229041,2,691,0
1,1,1,0.2750254085529053,242.30622064300275,5,274,0
1,1,1,0.34580639956730186,147.74721498276153,1,713,0
1,1,1,0.2828521239790615,570.912878572864,2,46,1
1,1,1,0.2828521239790615,249.62278796154416,1,781,0
1,1,1,0.13728543870125234,460.1194856465636,2,615,0
1,1,1,0.44640490282899387,120.42247763058039,1,478,0
1,1,0,0.24614417619698423,321.5122186130699,2,471,0
1,0,1,0.21478291236143027,767.7442746140645,4,745,1
1,1,1,0.2767647537778325,695.9927592348623,4,264,0
1,0,1,0.2625171002989132,198.438221743711,2,81,1
1,1,1,0.21082490652703922,140.97210974897177,4,730,0
1,1,1,0.46015210405281526,409.1931609744402,4,28,1
1,1,0,0.0830364113260189,668.4285550564597,5,507,0
1,1,0,0.0830364113260189,580.9458935952466,5,168,0
1,1,1,0.2767647537778325,254.43773250805128,2,739,0
1,1,1,0.03696830256968456,527.4436306103437,3,777,0
1,1,1,0.37008993339073415,1559.4990457430797,4,347,0
1,1,1,0.46015210405281526,485.23350009622834,2,398,0
1,1,1,0.13728543870125234,92.77403985947663,3,330,0
1,1,1,0.44640490282899387,484.3851255694572,3,305,0
1,1,1,0.2916477929418046,2539.0906245870497,2,746,0
1,1,1,0.419905690979168,126.63998133620436,1,186,0
1,1,1,0.19943866470802457,414.36705845739704,1,765,0
1,1,1,0.419905690979168,329.0790877817468,4,499,1
0,1,1,0.03696830256968456,439.7888227248239,5,766,1
1,1,1,0.19943866470802457,480.4998603801972,4,466,0
1,1,1,0.1036578444265268,1125.4911390970112,2,644,0
1,1,1,0.37008993339073415,435.41733316631246,1,361,0
1,1,1,0.23107398565158901,1273.5118526104966,4,337,0
1,1,1,0.3173771501855524,362.8936830086435,1,161,0
1,1,1,0.23107398565158901,294.38160545233444,3,120,0
1,1,1,0.23564858214539242,220.90556781914327,5,-28,0
1,1,1,0.21082490652703922,78.61965044038755,1,269,0
0,1,1,0.08902327951143335,517.0829314990071,3,789,0
1,1,1,0.34580639956730186,2562.145467233933,5,746,0
1,1,1,0.13620156896909216,609.3616474025645,2,533,0
1,1,1,0.44640490282899387,748.5010590427918,5,252,0
1,1,1,0.36643236650295463,278.1809517410894,5,387,0
1,0,1,0.419905690979168,323.79155107060154,3,590,1
1,1,1,0.2798243783472397,978.6531987730581,2,-59,0
1,1,1,0.36242851871884985,2459.772822933063,4,733,0
1,1,1,0.11826527161057414,1539.407901940469,4,688,0
1,1,1,0.2625171002989132,832.7389159059782,3,774,0
1,1,1,0.14213974082226472,416.39549653786526,1,21,0
1,1,0,0.05810633967327533,487.23522897358265,4,754,0
1,1,1,0.5692182601492508,204.76099327785082,2,467,0
1,1,1,0.3173771501855524,109.57938139167209,1,417,0
1,0,1,0.13620156896909216,146.33250708044847,1,94,1
1,1,1,0.1410237131485087,421.9218178313706,3,363,0
1,1,1,0.2750254085529053,310.19680929100565,1,252,0
1,1,1,0.2677657562695904,107.50124896209617,2,789,0
1,1,1,0.2625171002989132,390.10227910451624,2,232,0
1,1,1,0.13728543870125234,302.9030259701995,3,127,0
1,1,1,0.2828521239790615,140.39165187502525,4,753,0
1,1,1,0.2677657562695904,289.11915102870546,3,101,1
1,1,1,0.37008993339073415,302.2160924323853,3,717,0
1,1,1,0.46365026623247513,231.60343427575512,1,768,0
1,1,0,0.23564858214539242,928.9019115898016,1,204,0
1,1,1,0.08902327951143335,72.77617201328455,5,532,0
1,1,1,0.2750254085529053,67.54411286564059,4,625,0
1,1,1,0.5692182601492508,404.6235812892267,1,401,0
1,1,1,0.5692182601492508,439.88550205799874,3,539,1
1,1,1,0.2916477929418046,580.4441709373621,1,53,0
0,1,1,0.05810633967327533,248.371061220215,1,383,1
1,1,1,0.23564858214539242,176.59669535874713,2,381,0
1,1,1,0.05810633967327533,400.78113511018097,4,427,0
1,1,1,0.13620156896909216,271.12492111341766,4,752,1
1,1,1,0.37008993339073415,1629.3953339160344,4,649,0
1,1,1,0.19943866470802457,301.326825611042,1,458,1
1,1,1,0.24614417619698423,384.5728983082962,1,286,0
1,1,1,0.19943866470802457,3743.874533326579,3,287,0
1,1,1,0.24614417619698423,338.56489788561265,5,-43,1
1,1,1,0.2798243783472397,665.5016909338405,4,413,0
1,1,1,0.3173771501855524,721.7497629085371,4,157,0
1,1,1,0.36643236650295463,779.1951121078093,1,702,0
1,1,1,0.13620156896909216,523.5007897315128,5,605,0
1,1,1,0.37008993339073415,480.32200126915063,5,725,0
1,1,1,0.46015210405281526,441.55423754856963,3,796,1
1,1,1,0.03696830256968456,240.23208766122244,2,284,0
0,1,1,0.5692182601492508,540.7553305895389,4,308,1
1,1,1,0.37008993339073415,2504.341873077182,4,462,0
1,1,1,0.20019100806330278,1199.4443874162764,5,310,1
1,1,1,0.13728543870125234,530.3441948475571,1,180,0
1,1,1,0.130383422505818,871.5269762492275,3,548,0
0,1,1,0.05810633967327533,184.51701512765192,4,327,1
1,1,1,0.3173771501855524,319.11101805460953,2,749,1
1,1,1,0.130383422505818,946.7782069275431,5,129,0
1,1,1,0.0830364113260189,1538.3265890540804,1,321,0
1,1,1,0.13620156896909216,201.58687806472142,1,397,0
1,1,1,0.34580639956730186,261.06528796966114,4,720,0
1,1,1,0.11826527161057414,2873.3624676473974,1,437,0
1,1,1,0.130383422505818,439.9385793544242,3,-1,1
1,1,0,0.46015210405281526,2081.878261223095,2,230,1
0,1,1,0.03696830256968456,485.9819996941446,4,702,1
1,1,1,0.22018251677280468,503.4891959798246,1,174,0
1,1,1,0.44640490282899387,306.45110051735617,2,232,0
0,1,1,0.46365026623247513,942.277321134559,5,69,1
1,1,1,0.36242851871884985,1369.2244933142517,2,558,0
1,1,1,0.46365026623247513,158.93542583002878,3,60,0
1,1,1,0.5692182601492508,293.7692229072693,5,256,0
1,1,1,0.183269198067007,919.2615382735801,4,551,0
1,1,1,0.1410237131485087,359.0300989262835,4,710,0
1,1,0,0.1410237131485087,258.773478420489,5,130,0
1,0,1,0.22018251677280468,1000.8330062574829,4,225,0
1,1,1,0.46015210405281526,1089.1010217501205,5,41,0
1,1,1,0.183269198067007,269.16433891434747,3,316,0
0,1,1,0.46015210405281526,488.3976229398354,5,799,1
1,1,1,0.2916477929418046,135.96162593609316,4,201,0
1,1,0,0.2677657562695904,180.1999703381694,2,163,0
1,1,0,0.24614417619698423,451.1269154614585,3,283,0
1,1,1,0.36643236650295463,414.9948492972957,2,710,0
1,0,1,0.34580639956730186,168.9852642682397,2,410,1
1,1,1,0.03696830256968456,211.795983162066,2,463,0
1,1,1,0.21478291236143027,154.6957163329218,3,611,0
1,1,1,0.5048241459567955,607.6225426821352,2,554,0
0,1,1,0.183269198067007,68.65711187425713,4,455,0
1,1,0,0.2750254085529053,162.32175272106267,2,422,0
1,1,1,0.2916477929418046,75.44112924157504,3,398,0
1,1,1,0.2767647537778325,588.2303032871814,1,95,0
0,1,1,0.2828521239790615,79.641857684776,2,296,0
1,1,1,0.1410237131485087,415.1152857673413,2,668,0
1,1,1,0.20019100806330278,1764.4099617280037,5,-27,0
1,1,1,0.1410237131485087,1819.0880501451293,3,652,0
1,1,1,0.05810633967327533,79.41467602335186,1,426,0
1,1,1,0.11826527161057414,527.7214783844704,2,240,0
1,1,1,0.23564858214539242,165.65806809883554,4,38,0
1,1,0,0.44640490282899387,137.8515756883994,1,596,0
1,1,1,0.23564858214539242,364.2633303273075,1,-60,1
0,1,1,0.44640490282899387,1218.6050004444746,2,407,1
1,1,1,0.130383422505818,692.0740695408165,2,79,0
0,1,1,0.21082490652703922,211.954825428754,3,721,1
1,1,1,0.2625171002989132,760.9218035111796,1,96,1
1,1,1,0.2767647537778325,53.55250107970701,4,630,0
1,1,1,0.05810633967327533,204.86449926701835,2,433,0
1,1,1,0.21082490652703922,192.19252610864027,4,-25,0
1,1,1,0.44640490282899387,432.89215077905465,3,559,0
1,1,1,0.2677657562695904,336.11549388649325,2,696,0
1,1,1,0.23564858214539242,355.19822564690816,3,130,1
1,0,1,0.36242851871884985,344.7268701991007,1,772,0
0,1,1,0.21082490652703922,411.6471362209067,4,626,0
1,0,1,0.2798243783472397,655.9718459489843,2,578,1
1,1,1,0.2677657562695904,461.4611754301605,2,228,0
1,1,1,0.13728543870125234,312.3371973845663,1,43,0
1,1,1,0.46365026623247513,579.1569153505575,2,309,0
1,1,1,0.24614417619698423,848.5348779811239,2,634,0
0,1,1,0.20019100806330278,244.58837568484336,2,444,1
0,1,1,0.37008993339073415,382.4269070761091,5,496,1
0,1,1,0.2677657562695904,1147.930352794827,2,611,0
1,1,1,0.1036578444265268,149.5327437307502,1,231,0
1,1,0,0.21478291236143027,2047.2075578357337,3,-28,1
1,1,1,0.419905690979168,120.87543139892148,2,700,0
1,1,1,0.1036578444265268,295.6486777523535,3,467,0
1,1,1,0.3173771501855524,171.54214893780733,4,426,0
1,1,1,0.34580639956730186,2890.3540931501366,1,433,0
1,1,1,0.2828521239790615,256.4631460158071,3,673,0
1,1,1,0.21082490652703922,257.04289025541857,1,601,0
1,1,1,0.13620156896909216,288.97094133814176,1,516,0
0,0,1,0.1410237131485087,439.67795000145094,1,612,1
1,1,1,0.1410237131485087,300.18603495676183,1,188,0
1,1,1,0.0830364113260189,357.95306549608404,2,552,0
1,1,1,0.130383422505818,16.83922594133196,5,778,0
1,1,1,0.05810633967327533,424.7258289508902,5,142,0
1,1,1,0.23107398565158901,409.94621138086734,1,431,0
1,1,1,0.44640490282899387,1027.3232557145163,5,525,0
1,1,1,0.14213974082226472,1310.4879836717157,4,384,0
1,1,1,0.14213974082226472,340.72058574330305,3,773,0
1,1,1,0.5692182601492508,841.0122059703431,4,287,0
1,1,1,0.23564858214539242,149.6932346371389,3,127,1
0,0,1,0.2828521239790615,804.8115160307957,2,57,1
1,1,1,0.05810633967327533,240.99393827269722,3,670,0
0,1,1,0.2677657562695904,138.90250423993075,4,530,0
1,1,1,0.05810633967327533,341.3711117002951,4,437,0
1,1,1,0.1036578444265268,1422.861412793338,1,310,0
1,1,1,0.3442859159134522,474.8053749194269,5,292,1
1,1,1,0.183269198067007,1551.2856735628434,2,743,0
1,1,1,0.36242851871884985,205.6427741801414,5,525,0
0,1,1,0.34580639956730186,1035.941541489003,2,769,1
1,1,1,0.36643236650295463,224.31604362241248,1,629,0
1,1,1,0.183269198067007,494.12859858882,5,600,0
0,1,1,0.34580639956730186,490.2985767279866,3,416,1
0,1,1,0.5048241459567955,731.6794882792917,2,148,1
1,0,1,0.0830364113260189,505.5599151373473,1,502,0
1,1,1,0.3173771501855524,207.41755096478033,1,555,1
1,1,1,0.34580639956730186,890.9392620768296,1,388,0
1,1,1,0.19943866470802457,1916.9505264095155,5,-43,0
1,1,1,0.2510628995968812,238.54952003964272,1,765,1
1,1,1,0.5048241459567955,77.3461754604081,1,650,0
1,1,1,0.05810633967327533,632.3149518295427,5,242,0
0,1,1,0.2798243783472397,299.4470614045438,5,364,1
1,1,0,0.2798243783472397,358.52824001401285,2,46,0
1,1,1,0.1036578444265268,665.5142034673537,4,745,0
1,1,1,0.1410237131485087,267.5340406903297,3,138,0
1,1,0,0.11826527161057414,316.724789790504,3,264,1
1,1,1,0.2916477929418046,368.6664975751219,2,308,0
1,1,1,0.2510628995968812,1514.4059732466778,4,166,0
1,1,1,0.19943866470802457,414.4957178752081,5,485,0
1,1,1,0.21478291236143027,132.67383890679378,4,795,0
1,1,1,0.36242851871884985,137.51174985863074,5,675,0
1,1,1,0.23107398565158901,457.28504599929863,1,396,0
1,1,1,0.2916477929418046,145.98659455525723,4,52,0
1,1,1,0.2916477929418046,98.88196457317761,5,682,0
1,1,1,0.03696830256968456,714.7854243439647,3,160,1
1,1,0,0.34580639956730186,746.9875830575763,5,723,0
1,0,1,0.20019100806330278,289.6511070307728,2,280,1
1,1,1,0.2828521239790615,525.470137587137,5,385,0
0,1,1,0.5048241459567955,477.85602288982506,5,315,1
1,1,1,0.44640490282899387,693.7956379796955,4,331,0
1,1,1,0.11826527161057414,695.2523780592377,4,81,0
1,1,1,0.2677657562695904,38.65941227370323,3,415,0
1,1,1,0.5048241459567955,324.9108826072917,2,286,0
1,1,1,0.2510628995968812,642.9800963219557,3,669,0
1,1,0,0.2767647537778325,278.82631694496865,5,350,0
1,1,1,0.20019100806330278,416.78994894529694,1,769,0
0,1,1,0.2677657562695904,792.8467769719514,2,195,1
1,1,1,0.1036578444265268,433.90807804470853,3,222,0
1,1,1,0.2510628995968812,1567.327902657305,2,-29,1
1,1,1,0.419905690979168,1112.4139103076868,4,575,1
1,1,1,0.13620156896909216,362.5970861599058,2,3,0
1,1,1,0.5692182601492508,337.56512219385814,4,185,0
1,1,1,0.22018251677280468,31.022362187569435,1,723,0
1,1,1,0.2828521239790615,300.7105044776501,2,465,0
1,1,1,0.419905690979168,119.3497187849596,4,420,0
1,1,1,0.0830364113260189,492.3090096826656,3,632,0
1,1,1,0.0830364113260189,462.9336040429496,4,603,0
1,0,1,0.08902327951143335,754.6621611458912,4,702,1
1,1,1,0.34580639956730186,1418.0010176440876,2,512,0
1,1,1,0.2828521239790615,394.0026019835259,3,325,0
1,1,1,0.3173771501855524,3141.2455767244096,5,52,0
1,1,1,0.21082490652703922,497.30638287513386,5,257,0
0,1,1,0.1410237131485087,124.0649533320969,1,546,0
1,1,1,0.183269198067007,243.2610903449945,4,157,0
0,1,1,0.36242851871884985,288.451790997397,3,517,1
1,1,1,0.130383422505818,687.3986744344523,1,54,0
1,1,0,0.2625171002989132,171.9966654649138,4,-9,0
1,1,1,0.3442859159134522,308.53080900420287,1,253,1
0,1,1,0.23107398565158901,348.99714696496363,2,137,1
1,1,1,0.05810633967327533,269.5331189389101,4,689,0
1,1,1,0.08902327951143335,837.3765446931152,5,265,0
0,1,1,0.24614417619698423,718.5169166348065,3,300,1
1,1,1,0.23107398565158901,1152.7554761596614,5,287,0
0,1,1,0.11826527161057414,299.48889457950156,5,212,1
1,1,1,0.2916477929418046,1190.6739982845254,3,729,0
1,1,0,0.03696830256968456,118.2028980215979,1,575,0
1,1,1,0.5692182601492508,115.63678663581481,4,76,0
1,1,1,0.5692182601492508,135.3113585520132,1,125,1
0,1,1,0.2916477929418046,406.7873321175577,5,9,1
1,1,0,0.23107398565158901,1190.5138563018772,2,160,0
0,1,1,0.2828521239790615,234.64462310000917,4,504,1
1,1,1,0.1410237131485087,262.6903430209045,4,744,0
1,1,1,0.19943866470802457,332.14905872488504,3,354,0
1,1,1,0.0830364113260189,675.5622526580141,5,10,0
1,1,1,0.2677657562695904,262.470114750492,4,-20,0
0,1,1,0.419905690979168,249.61624983335471,5,296,0
1,1,1,0.23564858214539242,120.19846636319593,1,167,0
0,1,1,0.36643236650295463,241.15768157592746,3,436,1
0,1,1,0.22018251677280468,1164.1140186278192,5,41,0
0,1,1,0.23564858214539242,437.8311823392588,5,138,1
1,1,1,0.5692182601492508,207.29252102769144,3,418,0
1,1,0,0.5692182601492508,1227.2480394916324,1,181,1
1,1,1,0.20019100806330278,238.24697558114116,2,253,0
1,1,1,0.13620156896909216,1448.0310578893038,3,130,0
0,1,1,0.03696830256968456,1426.8810825328565,4,-16,1
1,1,1,0.36242851871884985,424.2871487963445,5,236,0
1,1,0,0.44640490282899387,104.72160262241204,1,223,1
1,1,1,0.22018251677280468,3167.033276706956,2,712,1
1,1,1,0.08902327951143335,571.6623104152866,2,707,1
1,1,1,0.2750254085529053,301.41910682150416,5,311,0
1,1,1,0.5692182601492508,953.8582955894223,1,187,0
0,1,1,0.1036578444265268,759.0536866696307,2,299,1
1,1,1,0.183269198067007,1312.7041364403055,2,462,0
1,1,1,0.13620156896909216,222.26869552151743,1,272,0
1,1,1,0.130383422505818,537.3373295491151,4,590,0
1,1,1,0.2510628995968812,138.75597194974642,3,769,0
0,1,1,0.13620156896909216,734.8753964245244,3,286,1
1,1,1,0.183269198067007,395.18308637965237,5,40,0
1,1,1,0.3442859159134522,519.5215697754809,3,43,0
1,1,1,0.13620156896909216,353.64205182734474,2,689,0
0,1,1,0.2828521239790615,321.8578735037943,2,297,1
1,1,1,0.11826527161057414,184.673969511196,5,221,0
1,1,1,0.13728543870125234,821.7097193540627,3,472,0
1,1,1,0.44640490282899387,1541.8428457404775,1,762,1
1,1,1,0.05810633967327533,244.44699033943752,4,305,0
1,1,1,0.2625171002989132,663.9364615585782,4,211,0
1,1,1,0.419905690979168,595.2403432347501,2,681,0
0,1,1,0.0830364113260189,406.37973494243164,3,11,1
1,1,1,0.44640490282899387,102.11134545150799,3,666,1
1,1,1,0.0830364113260189,125.03108470166477,1,387,0
0,1,1,0.5692182601492508,199.75991969491173,1,-43,1
1,1,1,0.0830364113260189,58.84434567404978,4,135,0
1,1,1,0.419905690979168,1432.5733578054726,4,524,1
0,1,1,0.21478291236143027,561.6803446204135,4,587,0
1,1,1,0.03696830256968456,392.6957175736259,2,108,0
1,1,1,0.183269198067007,56.19275099122339,3,505,0
1,1,1,0.14213974082226472,78.14110497420008,5,790,0
1,1,1,0.130383422505818,402.57956350643514,2,530,0
1,1,1,0.2677657562695904,2376.6351622464185,4,544,0
1,1,1,0.5048241459567955,215.12520849549136,1,106,0
1,1,1,0.36643236650295463,877.7995046725757,1,488,0
1,1,1,0.46365026623247513,261.9327609143566,5,549,0
1,1,1,0.19943866470802457,423.9923163959021,1,35,0
1,1,1,0.46015210405281526,1203.7722706539184,4,207,0
1,1,1,0.1036578444265268,295.4925227637719,3,699,0
1,1,1,0.0830364113260189,216.78489242547474,5,798,0
0,1,1,0.2677657562695904,1445.5765228288208,3,88,1
1,1,0,0.44640490282899387,420.3139949583803,4,569,0
0,1,1,0.46365026623247513,1077.161459109148,5,371,1
1,1,1,0.2916477929418046,217.734405351609,5,447,0
1,1,1,0.19943866470802457,1430.825440823143,4,379,0
1,1,1,0.44640490282899387,516.0814217286435,1,685,0
1,1,1,0.2916477929418046,596.6369852827592,1,322,0
1,1,1,0.2916477929418046,454.16763968208187,3,446,0
1,1,1,0.2916477929418046,255.97313977046156,4,515,0
1,1,1,0.0830364113260189,402.81825116471003,4,415,0
1,1,1,0.1036578444265268,270.8780679349053,4,696,0
1,1,1,0.1036578444265268,956.7971996264919,1,144,0
1,1,1,0.5692182601492508,336.0461661021001,1,755,0
1,1,1,0.2798243783472397,104.91426522814972,1,523,0
1,1,1,0.21082490652703922,88.9895225379722,3,765,0
0,1,1,0.1410237131485087,85.28116855670153,4,262,1
1,1,1,0.1410237131485087,703.5744379271192,1,351,0
1,1,1,0.22018251677280468,143.11465894190223,5,-23,0
1,1,1,0.19943866470802457,528.518176983703,2,734,0
1,1,1,0.21082490652703922,456.1935018842034,4,641,0
0,1,1,0.08902327951143335,380.6050657128205,4,194,1
1,1,1,0.3173771501855524,598.5826933028345,1,-16,0
1,1,1,0.5692182601492508,465.20268083296014,5,539,0
1,1,1,0.13728543870125234,35.206940325153134,5,518,0
1,1,1,0.419905690979168,301.49013118285785,5,393,1
0,1,1,0.2510628995968812,591.4592690790973,1,74,1
1,1,1,0.34580639956730186,1765.6153161820291,2,729,1
1,1,1,0.419905690979168,1840.5355258674301,2,312,0
1,0,1,0.22018251677280468,118.29299291865819,3,563,1
1,1,1,0.23107398565158901,294.49064315530694,5,678,0
1,1,1,0.2750254085529053,98.54336131062759,4,411,0
1,0,1,0.20019100806330278,1584.2978124287101,4,21,1
1,1,1,0.11826527161057414,1003.8225959056085,3,703,0
1,1,1,0.3442859159134522,553.0946245446917,5,513,0
1,1,1,0.1410237131485087,468.4762352167588,5,709,0
0,1,1,0.21478291236143027,1397.6785913465983,5,466,1
1,1,1,0.1410237131485087,1200.1390154612266,5,720,0
1,1,1,0.13620156896909216,1143.947440185515,4,686,0
1,1,0,0.22018251677280468,608.5091040656755,1,125,1
1,1,1,0.03696830256968456,294.62239823142784,2,88,0
1,1,1,0.21082490652703922,804.6539818616537,4,77,1
1,1,1,0.3173771501855524,840.8705420153232,2,627,0
1,1,1,0.23564858214539242,339.8234701608824,1,146,0
1,1,1,0.11826527161057414,294.0870973776209,5,327,0
1,1,1,0.130383422505818,1118.766415554088,3,617,0
0,1,1,0.36643236650295463,1803.8968092266439,5,308,1
1,1,1,0.05810633967327533,205.52009132798713,2,-7,0
0,1,1,0.46365026623247513,318.28938735745874,2,251,1
1,1,1,0.183269198067007,553.2664814955315,2,21,1
0,1,1,0.419905690979168,625.1171661292915,2,271,1
1,1,0,0.46365026623247513,252.11120420043662,3,573,0
1,1,0,0.1410237131485087,2197.7042401969666,2,387,1
1,1,0,0.22018251677280468,589.8603057739276,5,520,0
1,0,1,0.2767647537778325,650.8277847280148,2,31,1
1,1,1,0.11826527161057414,1964.5051752110912,3,585,0
1,1,1,0.2510628995968812,269.30499218487273,5,305,0
1,1,1,0.14213974082226472,372.56492249188693,3,186,0
1,1,1,0.183269198067007,130.5831245715592,1,500,0
1,1,1,0.14213974082226472,345.4626644419114,1,55,0
1,1,1,0.46015210405281526,105.63240909106979,3,368,0
1,1,1,0.13620156896909216,790.8152843168256,4,303,0
1,1,1,0.1036578444265268,588.7473092610788,5,82,0
0,1,1,0.21082490652703922,314.39105956898624,1,758,1
1,1,1,0.1036578444265268,368.56558090171154,3,252,0
1,1,1,0.419905690979168,800.5666373807246,2,-25,1
1,1,1,0.05810633967327533,145.15229793551455,3,320,0
1,1,1,0.36643236650295463,484.8071004096063,3,771,0
0,0,1,0.23107398565158901,757.1480627662153,2,515,0
1,1,1,0.21478291236143027,81.1219299075549,1,487,1
1,1,1,0.5692182601492508,747.2831816016085,1,714,0
0,1,0,0.23107398565158901,89.41994744419338,3,12,1
0,1,0,0.19943866470802457,362.913663556384,2,413,1
1,1,1,0.46015210405281526,141.5917626673477,2,215,1
1,1,0,0.19943866470802457,1462.8208232316997,1,521,0
1,1,1,0.37008993339073415,142.39303001596952,1,673,0
1,1,0,0.2767647537778325,91.36195067773558,1,6,1
1,1,1,0.2510628995968812,454.87239425800954,2,76,1
1,1,1,0.2828521239790615,278.01284508953995,1,760,0
1,1,1,0.3442859159134522,104.15240865235594,2,363,0
1,1,1,0.46015210405281526,647.5743927417706,2,211,1
0,1,0,0.3173771501855524,67.19849448595227,2,70,1
1,1,0,0.2510628995968812,158.7583325144258,1,244,0
1,1,1,0.2510628995968812,240.3998446920922,1,-56,0
1,1,1,0.2916477929418046,830.4769322579208,5,131,0
1,1,1,0.419905690979168,1294.5540220623495,4,97,0
1,1,1,0.13728543870125234,1088.4435539437566,1,12,0
1,1,1,0.2828521239790615,351.4451271662029,2,773,0
1,1,1,0.08902327951143335,45.39593573045271,2,619,0
0,1,1,0.23564858214539242,573.505610306835,5,748,1
1,1,1,0.13620156896909216,1515.523746258946,5,146,1
1,1,1,0.2916477929418046,1224.6512236258259,4,188,0
1,1,1,0.2798243783472397,611.9521595392555,1,183,1
1,0,1,0.0830364113260189,138.30308044893917,3,420,0
1,0,0,0.14213974082226472,251.44485390624197,3,96,1
0,1,1,0.2916477929418046,2299.4677425899063,4,142,1
1,0,1,0.46365026623247513,112.72412012789765,5,778,0
1,1,1,0.36242851871884985,143.58725434972874,2,242,0
1,1,1,0.2677657562695904,942.2742763489242,3,611,0
1,1,1,0.23564858214539242,273.6792170041934,2,136,0
1,1,1,0.21478291236143027,139.27082099222326,2,739,0
0,1,1,0.24614417619698423,1595.869584742827,2,536,1
1,1,1,0.183269198067007,610.9104468916233,4,681,0
1,1,1,0.2828521239790615,286.1107438302053,3,384,0
1,1,1,0.5048241459567955,143.85453964575072,4,719,0
1,1,1,0.44640490282899387,2546.9858196029336,4,251,0
1,1,1,0.05810633967327533,394.6476585380938,2,351,0
1,1,1,0.46015210405281526,1418.840483656347,5,-8,1
1,1,1,0.44640490282899387,901.6894678832734,1,86,1
1,1,1,0.3442859159134522,252.4437860697544,5,603,0
1,1,1,0.19943866470802457,254.2588891372373,1,221,0
1,1,1,0.3173771501855524,1482.7939751941062,2,27,0
1,1,1,0.37008993339073415,1504.574780455017,5,191,0
1,1,1,0.37008993339073415,74.49824898046194,4,243,0
1,1,1,0.20019100806330278,661.6933525064965,2,556,0
0,1,1,0.2828521239790615,361.73311037257815,5,17,1
1,1,1,0.23107398565158901,159.17578432914507,1,-38,0
1,1,1,0.2916477929418046,510.5923310692831,4,562,0
1,1,1,0.130383422505818,119.74480916809853,3,62,0
1,1,1,0.36643236650295463,265.1220221151366,2,300,0
1,1,1,0.2677657562695904,196.6398023158042,5,527,0
1,1,1,0.24614417619698423,257.2858856738092,4,382,0
1,1,1,0.13620156896909216,378.29312410636254,1,46,0
1,1,1,0.13620156896909216,161.73998327889683,1,561,0
1,1,1,0.3173771501855524,1662.1398641330354,1,-19,0
1,1,0,0.03696830256968456,628.8890877396274,3,139,0
1,1,1,0.36643236650295463,2028.6112518679297,3,33,0
1,1,0,0.2916477929418046,349.2989087944412,4,380,1
1,1,1,0.23107398565158901,246.18641510367914,4,533,0
1,1,1,0.2510628995968812,1963.677074500968,1,498,0
1,1,1,0.34580639956730186,239.7858501839796,3,59,0
1,1,1,0.36643236650295463,343.6202695960994,4,235,0
1,1,1,0.44640490282899387,771.2732105225833,5,65,0
1,1,1,0.08902327951143335,132.42901586250403,2,234,0
0,1,1,0.5048241459567955,765.2214096376191,1,138,1
1,1,1,0.46015210405281526,681.9882026646293,1,576,1
1,1,1,0.13728543870125234,1264.4503315723268,2,585,0
1,1,1,0.2767647537778325,898.781585931911,3,643,0
1,1,1,0.03696830256968456,1299.819278944982,2,112,0
1,1,1,0.2798243783472397,365.26396702951024,1,-49,0
1,1,1,0.0830364113260189,185.60053690659933,2,-30,0
1,1,1,0.2828521239790615,2694.551021652878,2,665,0
1,1,1,0.37008993339073415,102.10216667275547,3,719,0
1,1,1,0.22018251677280468,111.73591988644561,1,122,0
1,1,1,0.05810633967327533,670.8967407013181,4,693,0
0,1,1,0.08902327951143335,1741.4744934003145,3,395,1
1,1,1,0.130383422505818,478.47107575486825,2,98,1
1,1,1,0.2677657562695904,991.6530813432521,5,209,0
1,1,1,0.13620156896909216,66.93871807727304,4,168,0
1,1,1,0.2750254085529053,257.3429250151525,1,596,0
1,1,1,0.36242851871884985,74.69752608395892,1,102,0
1,1,1,0.46015210405281526,814.3333983302981,1,97,0
1,1,1,0.2750254085529053,100.23243171284663,3,558,1
1,1,1,0.2916477929418046,127.7356684658853,2,199,1
1,1,1,0.3442859159134522,640.7393118800518,2,155,0
1,1,1,0.5048241459567955,1049.051725807471,3,634,0
1,1,1,0.0830364113260189,349.6486183411147,3,741,0
1,1,1,0.21478291236143027,673.9495481256939,1,417,0
1,1,1,0.23107398565158901,654.5901732962617,1,651,0
0,1,1,0.21478291236143027,332.32580447608996,4,663,1
0,1,1,0.23107398565158901,150.6207465843979,5,446,0
1,1,1,0.24614417619698423,670.7538748604582,5,653,0
1,1,1,0.2750254085529053,700.4942250461239,5,-53,0
1,1,0,0.37008993339073415,902.006713357168,3,-30,1
1,1,1,0.2625171002989132,534.2478028863005,5,699,1
1,1,1,0.3442859159134522,140.94222827474815,5,60,0
1,0,1,0.5692182601492508,750.9252743124725,5,565,1
1,1,0,0.37008993339073415,402.92765423113,1,301,1
1,1,1,0.23107398565158901,261.26528274382156,1,617,0
1,1,0,0.419905690979168,309.4596606661965,3,512,0
1,1,1,0.419905690979168,216.75518554307916,3,1,0
1,1,1,0.2916477929418046,897.8108406603209,5,229,0
1,1,1,0.2828521239790615,112.5836768938086,2,549,0
1,1,1,0.130383422505818,164.98633605345034,5,732,0
1,1,1,0.13620156896909216,300.096594289206,5,631,0
1,1,1,0.2798243783472397,1723.9539908320244,5,707,1
1,1,1,0.34580639956730186,1041.9533943311021,1,762,0
1,1,1,0.23564858214539242,92.13392979283674,2,709,0
1,1,1,0.0830364113260189,1361.3231087520876,2,439,0
1,1,1,0.19943866470802457,1358.9643690284436,4,229,0
1,1,1,0.23564858214539242,140.2452262765424,4,376,0
1,1,1,0.419905690979168,41.70777475804954,3,624,0
1,1,1,0.5048241459567955,378.0402002707603,1,305,0
1,1,1,0.3442859159134522,1107.8560813250162,3,654,1
1,1,1,0.05810633967327533,1689.411923027825,4,543,0
1,1,0,0.1036578444265268,184.24298592126055,3,120,0
1,1,1,0.14213974082226472,1952.334654624165,2,731,0
1,1,1,0.36643236650295463,54.31828137033758,3,667,0
1,1,1,0.13620156896909216,289.67350605443386,4,455,0
1,0,1,0.20019100806330278,277.13656460362404,3,106,1
1,1,1,0.419905690979168,1138.086158675887,5,135,0
0,1,1,0.46015210405281526,1297.8602415867151,2,661,1
1,1,1,0.5692182601492508,952.2249414246862,4,-45,0
1,1,1,0.22018251677280468,119.64212032277008,5,355,0
1,1,1,0.14213974082226472,876.8685793363278,2,472,0
1,1,1,0.2677657562695904,637.8720864169152,2,139,0
0,1,1,0.2767647537778325,89.64783526526718,1,683,1
0,1,1,0.2798243783472397,62.78320202894353,2,389,1
1,1,1,0.03696830256968456,1026.7875881389125,1,-4,0
1,1,1,0.13728543870125234,343.0618079779636,4,215,1
1,1,1,0.44640490282899387,126.89197282261122,1,281,0
0,0,1,0.36242851871884985,334.5028046583924,4,131,1
1,1,1,0.03696830256968456,559.8321311584023,3,748,0
1,1,1,0.1036578444265268,374.4409022126432,5,250,0
1,1,1,0.2625171002989132,99.80441912897285,2,371,0
1,1,1,0.183269198067007,2201.735546708289,2,400,0
1,1,1,0.2677657562695904,996.0487200380351,2,129,0
0,1,1,0.419905690979168,298.3180781163778,3,428,1
1,1,1,0.1410237131485087,309.33189975292885,2,244,1
1,1,1,0.2916477929418046,557.542456305022,1,-52,0
1,1,1,0.34580639956730186,145.9611869902922,5,291,1
1,1,1,0.2750254085529053,539.373776184098,4,442,0
1,1,1,0.34580639956730186,121.79518309398202,1,40,0
1,1,1,0.46015210405281526,378.614752839307,4,610,0
0,1,1,0.21478291236143027,140.93314797805567,2,508,1
1,1,1,0.2625171002989132,147.48469621257044,1,206,0
1,1,1,0.11826527161057414,1774.280650169651,3,449,0
0,1,1,0.46365026623247513,425.5163211495681,4,201,1
1,1,1,0.19943866470802457,486.2222563041906,1,497,0
1,0,1,0.2625171002989132,66.00682363074299,2,72,1
0,1,1,0.24614417619698423,235.73267202582025,5,465,0
0,1,1,0.183269198067007,610.9963020328663,2,-13,1
1,1,1,0.0830364113260189,480.449747585799,1,-46,0
1,1,1,0.5692182601492508,58.05397381162962,3,158,0
1,1,1,0.14213974082226472,486.1047448160732,4,90,0
1,1,1,0.183269198067007,561.1021212076558,5,362,0
0,1,1,0.2677657562695904,1280.9865450642264,4,82,0
1,1,1,0.24614417619698423,223.69689606310385,1,150,0
1,1,1,0.44640490282899387,53.63158419369616,5,24,0
